1800,0.966,235.3,1.0,0.0,0.966,118.5,1.106,7.3,0.934,110.7,1.171,229.3,0.902,346.0,1.069,242.7,1.0,0.0,0.934,353.8,0.966,228.4,1.0,0.0,0.966,111.5,0.966,1.6,1.719,322.8,0.966,62.3,1.0,180.0,1.44,249.8,1.155,122.9,0.882,116.9,1.0,200.8,1.0,280.4,0.966,124.7,1.419,316.8,1.171,222.3,1.171,112.4,1.0,359.1,1.0,180.9,1.171,355.6,1.0,349.6,0.966,124.7,0.95,353.0,1.209,157.6,1.033,103.4,1.291,194.2,0.872,221.4,0.966,235.3
1801,0.963,336.8,1.0,0.0,0.963,131.2,1.113,9.6,0.928,313.6,1.182,327.4,0.894,290.4,1.072,346.4,1.0,0.0,0.928,108.0,0.963,159.3,1.0,0.0,0.963,313.8,0.963,285.6,1.781,231.3,0.963,334.3,1.0,180.0,1.232,198.6,1.165,214.9,0.872,205.6,1.0,200.3,1.0,280.2,0.963,23.2,1.451,221.9,1.182,150.0,1.182,121.9,1.0,359.3,1.0,180.6,1.182,276.3,1.0,349.8,0.963,23.2,0.945,325.2,1.299,11.1,1.033,304.0,1.316,199.1,0.861,267.2,0.963,336.8
1802,0.964,78.3,1.0,0.0,0.964,143.9,1.11,11.9,0.93,156.5,1.178,65.5,0.897,234.8,1.071,90.2,1.0,0.0,0.93,222.2,0.964,90.3,1.0,0.0,0.964,156.0,0.964,209.6,1.756,139.9,0.964,246.2,1.0,180.0,2.043,113.3,1.161,307.0,0.876,294.3,1.0,199.9,1.0,279.9,0.964,281.7,1.438,127.2,1.178,77.6,1.178,131.2,1.0,359.6,1.0,180.4,1.178,196.9,1.0,350.1,0.964,281.7,0.947,297.4,0.848,215.1,1.033,144.6,1.306,204.1,0.865,313.0,0.964,78.3
1803,0.97,179.7,1.0,0.0,0.97,156.7,1.098,14.1,0.94,359.4,1.158,163.8,0.912,179.0,1.065,193.8,1.0,0.0,0.94,336.3,0.97,21.2,1.0,0.0,0.97,358.1,0.97,133.6,1.65,48.0,0.97,158.2,1.0,180.0,2.194,6.4,1.145,38.9,0.893,23.0,1.0,199.4,1.0,279.7,0.97,180.3,1.382,32.1,1.158,5.3,1.158,140.8,1.0,359.9,1.0,180.1,1.158,117.7,1.0,350.3,0.97,180.3,0.955,269.5,0.67,8.8,1.032,345.3,1.263,208.7,0.884,358.7,0.97,179.7
1804,0.978,281.0,1.0,0.0,0.978,169.2,1.076,16.0,0.957,201.9,1.123,262.3,0.936,122.9,1.053,296.9,1.0,0.0,0.957,90.2,0.978,311.9,1.0,0.0,0.978,200.2,0.978,57.5,1.478,315.0,0.978,70.0,1.0,180.0,1.478,267.0,1.116,130.4,0.923,111.7,1.0,198.9,1.0,279.5,0.978,79.0,1.288,296.4,1.123,293.3,1.123,150.5,1.0,0.1,1.0,179.9,1.123,38.8,1.0,350.5,0.978,79.0,0.968,241.4,1.153,197.4,1.03,186.0,1.192,212.5,0.916,43.8,0.978,281.0
1805,0.989,357.6,1.0,0.0,0.989,144.1,1.046,18.2,0.979,355.2,1.074,335.9,0.969,352.9,1.035,15.9,1.0,0.0,0.979,141.7,0.989,206.7,1.0,0.0,0.989,353.2,0.989,290.5,1.266,247.5,0.989,328.5,1.0,180.0,1.05,198.3,1.074,235.2,0.961,213.5,1.0,200.4,1.0,280.2,0.989,2.4,1.166,225.8,1.074,185.0,1.074,122.4,1.0,359.4,1.0,180.6,1.074,268.8,1.0,349.8,0.989,2.4,0.984,176.4,1.278,35.6,1.024,337.0,1.101,217.0,0.958,350.5,0.989,357.6
1806,1.002,98.5,1.0,0.0,1.002,156.2,1.01,18.8,1.003,196.9,1.016,75.7,1.005,295.4,1.012,117.2,1.0,0.0,1.003,254.7,1.002,137.0,1.0,0.0,1.002,194.8,1.002,213.9,1.044,149.9,1.002,239.9,1.0,180.0,1.65,118.3,1.023,325.0,1.004,302.3,1.0,199.9,1.0,280.0,1.002,261.5,1.03,127.1,1.016,114.3,1.016,133.4,1.0,359.6,1.0,180.4,1.016,191.2,1.0,350.0,1.002,261.5,1.003,147.7,0.976,236.1,1.014,178.1,1.004,217.7,1.007,33.8,1.002,98.5
1807,1.014,199.1,1.0,0.0,1.014,168.1,0.971,18.4,1.028,38.1,0.951,176.5,1.043,237.2,0.984,217.4,1.0,0.0,1.028,7.1,1.014,67.1,1.0,0.0,1.014,36.1,1.014,137.1,0.837,48.5,1.014,151.0,1.0,180.0,1.84,10.7,0.964,53.5,1.047,31.0,1.0,199.4,1.0,279.7,1.014,160.9,0.892,26.0,0.951,44.6,0.951,145.6,1.0,359.9,1.0,180.1,0.951,114.6,1.0,350.3,1.014,160.9,1.021,118.6,0.784,48.7,0.998,19.8,0.91,216.4,1.057,76.2,1.014,199.1
1808,1.025,299.5,1.0,0.0,1.025,179.8,0.932,16.9,1.05,238.9,0.889,278.8,1.077,178.4,0.956,316.3,1.0,0.0,1.05,119.2,1.025,357.0,1.0,0.0,1.025,237.3,1.025,60.1,0.669,302.4,1.025,61.9,1.0,180.0,1.401,262.9,0.906,140.3,1.085,119.7,1.0,199.0,1.0,279.5,1.025,60.5,0.772,281.8,0.889,336.4,0.889,159.1,1.0,0.2,1.0,179.8,0.889,39.4,1.0,350.5,1.025,60.5,1.038,89.2,1.021,228.0,0.979,222.1,0.833,213.0,1.103,117.8,1.025,299.5
1809,1.033,15.3,1.0,0.0,1.033,153.8,0.902,15.2,1.067,30.5,0.839,357.3,1.102,45.8,0.932,30.5,1.0,0.0,1.067,169.0,1.033,251.0,1.0,0.0,1.033,29.5,1.033,292.3,0.553,218.6,1.033,319.6,1.0,180.0,0.829,166.0,0.859,239.5,1.114,221.5,1.0,200.5,1.0,280.2,1.033,344.7,0.681,200.7,0.839,233.0,0.839,135.8,1.0,359.4,1.0,180.6,0.839,274.3,1.0,349.8,1.033,344.7,1.05,22.9,1.199,53.7,0.962,15.3,0.778,209.7,1.138,61.0,1.033,15.3
1810,1.037,115.3,1.0,0.0,1.037,165.1,0.884,11.8,1.076,230.7,0.81,102.5,1.116,346.0,0.917,127.2,1.0,0.0,1.076,280.5,1.037,180.5,1.0,0.0,1.037,230.3,1.037,214.9,0.494,103.2,1.037,230.2,1.0,180.0,0.958,102.0,0.831,323.1,1.129,310.2,1.0,200.0,1.0,280.0,1.037,244.7,0.632,90.4,0.81,167.7,0.81,152.3,1.0,359.7,1.0,180.3,0.81,202.1,1.0,350.0,1.037,244.7,1.056,353.0,1.148,251.9,0.952,218.9,0.75,203.3,1.158,101.4,1.037,115.3
1811,1.037,215.4,1.0,0.0,1.037,176.5,0.884,8.1,1.076,70.8,0.809,208.2,1.116,286.2,0.917,223.5,1.0,0.0,1.076,31.9,1.037,110.1,1.0,0.0,1.037,71.1,1.037,137.5,0.492,346.1,1.037,140.7,1.0,180.0,1.416,2.6,0.83,46.1,1.13,38.9,1.0,199.5,1.0,279.8,1.037,144.6,0.631,339.0,0.809,102.9,0.809,169.3,1.0,359.9,1.0,180.1,0.809,130.3,1.0,350.2,1.037,144.6,1.057,323.1,0.962,82.6,0.951,62.7,0.75,196.5,1.158,141.6,1.037,215.4
1812,1.033,315.5,1.0,0.0,1.033,187.8,0.901,4.6,1.068,271.0,0.837,313.5,1.103,226.4,0.93,320.1,1.0,0.0,1.068,143.3,1.033,39.6,1.0,0.0,1.033,272.0,1.033,60.2,0.548,230.5,1.033,51.3,1.0,180.0,1.61,251.1,0.856,129.7,1.115,127.7,1.0,199.0,1.0,279.5,1.033,44.5,0.677,228.5,0.837,37.6,0.837,185.8,1.0,0.2,1.0,179.8,0.837,58.1,1.0,350.5,1.033,44.5,1.05,293.2,0.864,260.3,0.961,266.3,0.776,190.1,1.14,181.9,1.033,315.5
1813,1.025,31.3,1.0,0.0,1.025,161.8,0.931,3.0,1.051,62.5,0.886,32.0,1.078,93.8,0.954,34.2,1.0,0.0,1.051,193.1,1.025,293.5,1.0,0.0,1.025,64.1,1.025,292.4,0.662,146.5,1.025,309.0,1.0,180.0,1.354,131.0,0.904,228.7,1.087,229.4,1.0,200.5,1.0,280.3,1.025,328.7,0.766,147.2,0.886,294.3,0.886,162.6,1.0,359.5,1.0,180.5,0.886,293.1,1.0,349.7,1.025,328.7,1.038,226.9,1.041,69.7,0.978,59.5,0.829,186.7,1.106,125.0,1.025,31.3
1814,1.015,131.6,1.0,0.0,1.015,173.4,0.968,1.4,1.03,263.2,0.948,134.4,1.045,34.9,0.983,133.0,1.0,0.0,1.03,305.1,1.015,223.4,1.0,0.0,1.015,265.2,1.015,215.3,0.827,40.1,1.015,219.9,1.0,180.0,0.904,52.7,0.961,315.4,1.049,318.2,1.0,200.0,1.0,280.0,1.015,228.4,0.886,42.9,0.948,226.1,0.948,176.2,1.0,359.7,1.0,180.3,0.948,218.0,1.0,350.0,1.015,228.4,1.022,197.4,1.239,267.4,0.997,261.8,0.906,183.2,1.06,166.5,1.015,131.6
1815,1.002,232.2,1.0,0.0,1.002,185.3,1.008,0.9,1.005,104.4,1.012,235.3,1.007,336.7,1.01,233.1,1.0,0.0,1.005,57.5,1.002,153.5,1.0,0.0,1.002,106.6,1.002,138.4,1.031,298.5,1.002,131.0,1.0,180.0,1.351,350.7,1.019,43.8,1.007,46.9,1.0,199.6,1.0,279.8,1.002,127.8,1.021,301.6,1.012,156.6,1.012,188.4,1.0,360.0,1.0,180.0,1.012,141.5,1.0,350.2,1.002,127.8,1.004,168.3,1.127,111.7,1.013,103.5,0.998,181.7,1.01,208.9,1.002,232.2
1816,0.99,333.0,1.0,0.0,0.99,197.4,1.045,1.4,0.98,306.1,1.071,335.1,0.97,279.1,1.034,334.5,1.0,0.0,0.98,170.5,0.99,83.8,1.0,0.0,0.99,308.1,0.99,61.8,1.254,200.7,0.99,42.3,1.0,180.0,2.027,249.7,1.072,133.5,0.963,135.6,1.0,199.1,1.0,279.5,0.99,27.0,1.159,202.8,1.071,85.8,1.071,199.5,1.0,0.2,1.0,179.8,1.071,63.9,1.0,350.5,0.99,27.0,0.985,139.6,0.738,299.5,1.024,304.6,1.096,182.4,0.961,252.2,0.99,333.0
1817,0.979,49.7,1.0,0.0,0.979,172.3,1.075,3.7,0.958,99.4,1.121,48.8,0.938,149.1,1.052,53.4,1.0,0.0,0.958,222.0,0.979,338.6,1.0,0.0,0.979,101.2,0.979,294.9,1.469,133.1,0.979,300.8,1.0,180.0,1.964,129.8,1.114,238.3,0.924,237.4,1.0,200.6,1.0,280.3,0.979,310.3,1.283,132.1,1.121,337.6,1.121,171.4,1.0,359.5,1.0,180.5,1.121,294.0,1.0,349.7,0.979,310.3,0.968,74.5,0.851,87.8,1.03,95.7,1.188,186.8,0.918,198.8,0.979,49.7
1818,0.97,151.0,1.0,0.0,0.97,184.9,1.097,5.5,0.941,302.0,1.156,147.3,0.913,92.9,1.064,156.5,1.0,0.0,0.941,335.8,0.97,269.3,1.0,0.0,0.97,303.2,0.97,218.7,1.643,40.0,0.97,212.6,1.0,180.0,1.234,42.2,1.144,329.8,0.894,326.1,1.0,200.1,1.0,280.1,0.97,209.0,1.378,36.3,1.156,265.7,1.156,181.2,1.0,359.8,1.0,180.2,1.156,215.1,1.0,349.9,0.97,209.0,0.955,46.5,1.278,287.8,1.032,296.5,1.26,190.5,0.885,243.9,0.97,151.0
1819,0.965,252.4,1.0,0.0,0.965,197.5,1.11,7.7,0.931,144.8,1.177,245.6,0.898,37.1,1.07,260.1,1.0,0.0,0.931,89.9,0.965,200.2,1.0,0.0,0.965,145.4,0.965,142.7,1.752,308.1,0.965,124.5,1.0,180.0,1.408,351.6,1.16,61.7,0.876,54.8,1.0,199.6,1.0,279.8,0.965,107.6,1.436,301.3,1.177,193.4,1.177,190.7,1.0,0.0,1.0,180.0,1.177,135.9,1.0,350.2,0.965,107.6,0.947,18.6,1.228,141.1,1.033,137.1,1.305,195.1,0.866,289.5,0.965,252.4
1820,0.963,353.9,1.0,0.0,0.963,210.3,1.113,10.0,0.928,347.7,1.182,343.7,0.894,341.6,1.072,3.8,1.0,0.0,0.928,204.2,0.963,131.2,1.0,0.0,0.963,347.6,0.963,66.7,1.781,216.6,0.963,36.6,1.0,180.0,2.184,257.0,1.165,153.7,0.872,143.6,1.0,199.2,1.0,279.6,0.963,6.1,1.451,206.5,1.182,121.0,1.182,200.1,1.0,0.3,1.0,179.7,1.182,56.6,1.0,350.4,0.963,6.1,0.945,350.8,0.717,337.1,1.033,337.7,1.316,200.0,0.861,335.4,0.963,353.9
1821,0.966,71.0,1.0,0.0,0.966,185.6,1.106,13.3,0.933,141.9,1.172,56.5,0.901,212.9,1.069,84.2,1.0,0.0,0.933,256.6,0.966,26.4,1.0,0.0,0.966,141.1,0.966,300.3,1.724,152.5,0.966,295.5,1.0,180.0,2.119,137.6,1.156,259.8,0.881,245.3,1.0,200.7,1.0,280.3,0.966,289.0,1.421,138.0,1.172,12.0,1.172,171.1,1.0,359.5,1.0,180.5,1.172,285.8,1.0,349.7,0.966,289.0,0.949,286.4,0.77,115.5,1.033,128.6,1.293,206.9,0.871,283.8,0.966,71.0
1822,0.973,172.3,1.0,0.0,0.973,198.2,1.091,15.4,0.946,344.6,1.146,154.8,0.92,156.9,1.061,187.7,1.0,0.0,0.946,10.5,0.973,317.2,1.0,0.0,0.973,343.2,0.973,224.1,1.591,60.3,0.973,207.4,1.0,180.0,1.302,45.7,1.135,351.6,0.903,334.1,1.0,200.2,1.0,280.1,0.973,187.7,1.35,42.7,1.146,299.7,1.146,180.7,1.0,359.8,1.0,180.2,1.146,206.6,1.0,349.9,0.973,187.7,0.959,258.4,1.245,315.0,1.032,329.2,1.239,211.3,0.895,329.2,0.973,172.3
1823,0.982,273.5,1.0,0.0,0.982,210.7,1.066,17.0,0.965,187.0,1.105,253.5,0.948,100.5,1.047,290.5,1.0,0.0,0.965,124.2,0.982,247.9,1.0,0.0,0.982,185.1,0.982,147.9,1.4,326.6,0.982,119.1,1.0,180.0,1.23,355.0,1.101,82.8,0.937,62.8,1.0,199.7,1.0,279.8,0.982,86.5,1.244,306.6,1.105,227.9,1.105,190.7,1.0,0.0,1.0,179.9,1.105,127.9,1.0,350.2,0.982,86.5,0.974,230.2,1.241,166.2,1.028,170.0,1.159,214.6,0.931,14.0,0.982,273.5
1824,0.994,14.5,1.0,0.0,0.994,223.0,1.033,18.1,0.988,29.0,1.052,352.7,0.982,43.4,1.027,32.5,1.0,0.0,0.988,237.4,0.994,178.4,1.0,0.0,0.994,26.8,0.994,71.4,1.179,230.8,0.994,30.6,1.0,180.0,1.874,263.6,1.055,173.3,0.978,151.5,1.0,199.2,1.0,279.6,0.994,345.5,1.114,209.1,1.052,156.6,1.052,201.2,1.0,0.3,1.0,179.7,1.052,49.7,1.0,350.4,0.994,345.5,0.991,201.7,0.853,1.7,1.021,10.9,1.064,216.5,0.977,57.9,0.994,14.5
1825,1.007,90.8,1.0,0.0,1.007,197.5,0.995,19.2,1.013,181.7,0.991,67.5,1.02,272.5,1.002,110.1,1.0,0.0,1.013,288.4,1.007,72.9,1.0,0.0,1.007,179.6,1.007,304.2,0.96,159.2,1.007,288.8,1.0,180.0,1.868,142.8,1.0,276.7,1.021,253.3,1.0,200.7,1.0,280.4,1.007,269.2,0.976,135.9,0.991,49.5,0.991,174.2,1.0,359.6,1.0,180.4,0.991,280.9,1.0,349.6,1.007,269.2,1.01,136.3,0.798,155.1,1.008,162.4,0.966,218.4,1.027,3.4,1.007,90.8
1826,1.018,191.4,1.0,0.0,1.018,209.3,0.955,18.4,1.037,22.7,0.927,168.9,1.057,214.1,0.973,209.8,1.0,0.0,1.037,40.7,1.018,2.9,1.0,0.0,1.018,20.9,1.018,227.3,0.767,56.1,1.018,199.8,1.0,180.0,1.248,40.4,0.941,4.5,1.063,342.0,1.0,200.2,1.0,280.1,1.018,168.6,0.843,33.6,0.927,340.4,0.927,186.9,1.0,359.8,1.0,180.2,0.927,204.8,1.0,349.9,1.018,168.6,1.028,107.0,1.113,342.8,0.991,4.3,0.878,216.3,1.076,45.4,1.018,191.4
1827,1.028,291.6,1.0,0.0,1.028,220.9,0.919,16.5,1.058,223.3,0.868,271.7,1.088,154.9,0.945,308.1,1.0,0.0,1.058,152.5,1.028,292.6,1.0,0.0,1.028,221.9,1.028,150.1,0.618,308.1,1.028,110.6,1.0,180.0,0.817,333.4,0.886,90.7,1.098,70.8,1.0,199.8,1.0,279.9,1.028,68.4,0.732,288.2,0.868,272.7,0.868,201.0,1.0,0.1,1.0,179.9,0.868,130.2,1.0,350.1,1.028,68.4,1.043,77.5,1.217,183.5,0.972,206.8,0.809,212.1,1.118,86.6,1.028,291.6
1828,1.035,31.8,1.0,0.0,1.035,232.3,0.893,13.5,1.071,63.6,0.825,16.2,1.109,95.4,0.925,45.3,1.0,0.0,1.071,264.1,1.035,222.3,1.0,0.0,1.035,62.8,1.035,72.9,0.523,195.1,1.035,21.3,1.0,180.0,1.193,256.5,0.845,175.1,1.121,159.5,1.0,199.3,1.0,279.6,1.035,328.2,0.657,179.4,0.825,206.6,0.825,216.7,1.0,0.3,1.0,179.7,0.825,57.2,1.0,350.4,1.035,328.2,1.053,47.7,1.074,20.3,0.957,50.1,0.764,206.3,1.148,127.2,1.035,31.8
1829,1.038,107.5,1.0,0.0,1.038,206.2,0.882,10.9,1.077,215.0,0.806,96.3,1.118,322.4,0.916,118.3,1.0,0.0,1.077,313.7,1.038,116.1,1.0,0.0,1.038,214.9,1.038,305.0,0.487,105.9,1.038,278.8,1.0,180.0,1.527,137.1,0.827,272.4,1.131,261.3,1.0,200.8,1.0,280.4,1.038,252.5,0.626,94.8,0.806,105.0,0.806,195.1,1.0,359.6,1.0,180.4,0.806,293.8,1.0,349.6,1.038,252.5,1.057,341.2,0.896,193.5,0.95,204.1,0.747,201.6,1.16,69.9,1.038,107.5
1830,1.036,207.5,1.0,0.0,1.036,217.5,0.889,7.2,1.074,55.0,0.817,202.0,1.113,262.5,0.921,214.7,1.0,0.0,1.074,65.0,1.036,45.6,1.0,0.0,1.036,55.6,1.036,227.5,0.507,349.1,1.036,189.4,1.0,180.0,1.492,24.9,0.837,355.5,1.126,350.0,1.0,200.3,1.0,280.1,1.036,152.5,0.644,343.6,0.817,40.1,0.817,212.0,1.0,359.9,1.0,180.1,0.817,222.0,1.0,349.9,1.036,152.5,1.055,311.2,0.924,10.3,0.954,47.8,0.757,194.9,1.153,110.0,1.036,207.5
1831,1.031,307.6,1.0,0.0,1.031,228.9,0.911,4.0,1.062,255.2,0.854,306.8,1.095,202.9,0.939,311.6,1.0,0.0,1.062,176.5,1.031,335.2,1.0,0.0,1.031,256.5,1.031,150.2,0.586,234.9,1.031,100.0,1.0,180.0,1.097,282.2,0.873,79.5,1.106,78.7,1.0,199.8,1.0,279.9,1.031,52.4,0.707,234.1,0.854,334.4,0.854,228.1,1.0,0.1,1.0,179.9,0.854,149.4,1.0,350.1,1.031,52.4,1.046,281.4,1.126,198.0,0.967,251.3,0.793,188.8,1.128,150.5,1.031,307.6
1832,1.022,47.9,1.0,0.0,1.022,240.4,0.945,1.7,1.044,95.7,0.909,50.1,1.066,143.6,0.965,49.6,1.0,0.0,1.044,288.3,1.022,264.9,1.0,0.0,1.022,97.5,1.022,73.0,0.72,125.4,1.022,10.8,1.0,180.0,0.869,217.8,0.925,165.2,1.074,167.4,1.0,199.3,1.0,279.7,1.022,312.1,0.809,127.7,0.909,267.2,0.909,242.7,1.0,0.4,1.0,179.6,0.909,75.2,1.0,350.3,1.022,312.1,1.033,251.8,1.226,37.6,0.986,94.0,0.856,184.1,1.089,191.4,1.022,47.9
1833,1.01,123.9,1.0,0.0,1.01,214.7,0.984,1.6,1.02,247.9,0.973,126.5,1.031,11.8,0.994,125.5,1.0,0.0,1.02,338.7,1.01,159.2,1.0,0.0,1.01,249.9,1.01,305.5,0.902,48.3,1.01,268.7,1.0,180.0,1.503,127.4,0.984,266.6,1.033,269.2,1.0,200.8,1.0,280.4,1.01,236.1,0.937,50.9,0.973,161.7,0.973,217.3,1.0,359.7,1.0,180.3,0.973,308.1,1.0,349.6,1.01,236.1,1.015,185.9,1.026,226.8,1.004,246.3,0.94,183.3,1.041,135.8,1.01,123.9
1834,0.998,224.6,1.0,0.0,0.998,226.7,1.023,1.5,0.995,89.2,1.036,227.0,0.993,313.9,1.02,226.1,1.0,0.0,0.995,91.3,0.998,89.3,1.0,0.0,0.998,91.4,0.998,228.8,1.117,308.3,0.998,179.9,1.0,180.0,2.004,21.2,1.041,355.6,0.99,357.9,1.0,200.4,1.0,280.2,0.998,135.4,1.076,310.7,1.036,91.7,1.036,229.1,1.0,359.9,1.0,180.1,1.036,231.1,1.0,349.8,0.998,135.4,0.996,156.9,0.72,44.3,1.018,87.7,1.036,182.7,0.99,178.5,0.998,224.6
1835,0.985,325.5,1.0,0.0,0.985,238.9,1.057,2.3,0.971,291.1,1.092,326.5,0.957,256.6,1.042,327.9,1.0,0.0,0.971,204.4,0.985,19.7,1.0,0.0,0.985,293.0,0.985,152.2,1.339,211.7,0.985,91.4,1.0,180.0,1.747,274.8,1.089,85.7,0.948,86.7,1.0,199.9,1.0,279.9,0.985,34.5,1.209,212.6,1.092,20.6,1.092,239.8,1.0,0.2,1.0,179.8,1.092,153.1,1.0,350.1,0.985,34.5,0.978,128.3,0.981,213.9,1.027,288.8,1.133,184.1,0.943,222.2,0.985,325.5
1836,0.975,66.7,1.0,0.0,0.975,251.3,1.085,3.8,0.951,133.4,1.136,65.3,0.927,200.0,1.057,70.5,1.0,0.0,0.951,318.0,0.975,310.3,1.0,0.0,0.975,134.9,0.975,75.9,1.541,117.5,0.975,3.0,1.0,180.0,1.087,199.2,1.127,176.8,0.912,175.4,1.0,199.4,1.0,279.7,0.975,293.3,1.323,116.1,1.136,308.9,1.136,249.9,1.0,0.4,1.0,179.6,1.136,74.5,1.0,350.3,0.975,293.3,0.963,100.0,1.31,58.5,1.031,129.5,1.218,187.1,0.904,266.7,0.975,66.7
1837,0.967,143.6,1.0,0.0,0.967,226.4,1.103,6.8,0.936,287.2,1.166,138.3,0.906,70.9,1.067,150.4,1.0,0.0,0.936,10.1,0.967,205.4,1.0,0.0,0.967,288.2,0.967,309.3,1.695,52.4,0.967,261.8,1.0,180.0,1.607,128.8,1.152,282.5,0.886,277.2,1.0,200.9,1.0,280.4,0.967,216.4,1.406,47.0,1.166,200.1,1.166,221.1,1.0,359.7,1.0,180.3,1.166,303.9,1.0,349.6,0.967,216.4,0.952,35.4,1.127,258.8,1.032,280.4,1.281,193.2,0.876,214.5,0.967,143.6
1838,0.964,245.1,1.0,0.0,0.964,239.2,1.112,9.1,0.929,130.1,1.181,236.5,0.895,15.2,1.072,254.1,1.0,0.0,0.929,124.2,0.964,136.3,1.0,0.0,0.964,130.4,0.964,233.3,1.774,320.7,0.964,173.8,1.0,180.0,2.262,27.9,1.164,14.5,0.873,5.9,1.0,200.4,1.0,280.2,0.964,114.9,1.447,312.1,1.181,127.7,1.181,230.6,1.0,359.9,1.0,180.1,1.181,224.7,1.0,349.8,0.964,114.9,0.946,7.6,0.621,82.3,1.033,121.1,1.313,198.0,0.862,260.2,0.964,245.1
1839,0.964,346.5,1.0,0.0,0.964,251.9,1.112,11.4,0.929,333.0,1.18,334.6,0.895,319.6,1.071,357.9,1.0,0.0,0.929,238.4,0.964,67.3,1.0,0.0,0.964,332.6,0.964,157.3,1.77,229.3,0.964,85.8,1.0,180.0,1.985,281.6,1.163,106.6,0.873,94.6,1.0,199.9,1.0,280.0,0.964,13.5,1.445,217.4,1.18,55.3,1.18,239.9,1.0,0.2,1.0,179.8,1.18,145.3,1.0,350.0,0.964,13.5,0.946,339.8,0.899,238.3,1.033,321.7,1.312,202.9,0.863,306.1,0.964,346.5
1840,0.968,88.0,1.0,0.0,0.968,264.6,1.101,13.6,0.937,175.9,1.164,72.8,0.907,263.9,1.066,101.6,1.0,0.0,0.937,352.6,0.968,358.2,1.0,0.0,0.968,174.8,0.968,81.3,1.681,137.6,0.968,357.7,1.0,180.0,1.16,200.7,1.15,198.5,0.888,183.3,1.0,199.5,1.0,279.7,0.968,272.0,1.398,122.4,1.164,343.0,1.164,249.4,1.0,0.5,1.0,179.5,1.164,66.1,1.0,350.3,0.968,272.0,0.953,311.9,1.308,85.0,1.032,162.3,1.276,207.7,0.878,351.8,0.968,88.0
1841,0.976,164.9,1.0,0.0,0.976,239.8,1.082,16.5,0.953,329.8,1.132,145.8,0.93,134.6,1.056,181.4,1.0,0.0,0.953,44.6,0.976,253.3,1.0,0.0,0.976,328.1,0.976,314.6,1.522,72.3,0.976,256.5,1.0,180.0,1.464,134.5,1.123,304.2,0.915,285.1,1.0,201.0,1.0,280.5,0.976,195.1,1.312,53.2,1.132,234.2,1.132,220.7,1.0,359.7,1.0,180.3,1.132,295.6,1.0,349.5,0.976,195.1,0.964,247.3,1.167,285.1,1.031,313.2,1.21,213.7,0.908,299.5,0.976,164.9
1842,0.987,266.0,1.0,0.0,0.987,252.1,1.054,18.0,0.973,172.0,1.086,244.7,0.96,78.0,1.04,284.0,1.0,0.0,0.973,158.1,0.987,183.9,1.0,0.0,0.987,170.0,0.987,238.3,1.317,337.9,0.987,168.1,1.0,180.0,2.046,35.5,1.085,35.2,0.952,13.9,1.0,200.5,1.0,280.2,0.987,94.0,1.196,316.6,1.086,162.5,1.086,230.8,1.0,360.0,1.0,180.0,1.086,217.0,1.0,349.8,0.987,94.0,0.98,219.0,0.737,112.1,1.026,154.0,1.123,216.5,0.948,344.0,0.987,266.0
1843,0.999,6.9,1.0,0.0,0.999,264.3,1.019,18.7,0.998,13.8,1.029,344.3,0.997,20.7,1.018,25.6,1.0,0.0,0.998,271.2,0.999,114.2,1.0,0.0,0.999,11.7,0.999,161.8,1.093,241.0,0.999,79.6,1.0,180.0,1.829,287.2,1.035,125.2,0.994,102.6,1.0,200.0,1.0,280.0,0.999,353.1,1.061,218.4,1.029,91.6,1.029,241.7,1.0,0.2,1.0,179.8,1.029,139.1,1.0,350.0,0.999,353.1,0.998,190.4,0.866,274.6,1.017,355.1,1.026,217.7,0.996,27.6,0.999,6.9
1844,1.011,107.5,1.0,0.0,1.011,276.2,0.98,18.5,1.023,215.1,0.966,84.8,1.034,322.6,0.991,126.1,1.0,0.0,1.023,23.8,1.011,44.3,1.0,0.0,1.011,213.0,1.011,84.9,0.881,140.6,1.011,350.7,1.0,180.0,1.092,193.9,0.978,214.0,1.038,191.3,1.0,199.5,1.0,279.8,1.011,252.5,0.923,117.9,0.966,21.6,0.966,253.5,1.0,0.5,1.0,179.5,0.966,62.2,1.0,350.2,1.011,252.5,1.017,161.3,1.195,110.9,1.002,196.5,0.93,216.9,1.046,70.2,1.011,107.5
1845,1.023,183.6,1.0,0.0,1.023,250.5,0.941,18.3,1.046,7.2,0.903,161.4,1.069,190.8,0.962,201.9,1.0,0.0,1.046,74.1,1.023,298.6,1.0,0.0,1.023,5.5,1.023,317.4,0.704,62.9,1.023,248.6,1.0,180.0,0.963,125.1,0.919,315.3,1.077,293.1,1.0,201.0,1.0,280.5,1.023,176.4,0.797,40.8,0.903,276.4,0.903,228.3,1.0,359.8,1.0,180.2,0.903,295.3,1.0,349.5,1.023,176.4,1.034,95.4,1.197,302.4,0.984,348.9,0.849,215.9,1.094,14.4,1.023,183.6
1846,1.031,283.8,1.0,0.0,1.031,262.0,0.908,15.9,1.064,207.6,0.849,264.9,1.097,131.5,0.936,299.7,1.0,0.0,1.064,185.8,1.031,228.3,1.0,0.0,1.031,206.5,1.031,240.2,0.575,312.9,1.031,159.4,1.0,180.0,1.427,33.6,0.868,40.7,1.108,21.8,1.0,200.5,1.0,280.3,1.031,76.2,0.699,294.0,0.849,209.4,0.849,243.1,1.0,0.0,1.0,180.0,0.849,221.3,1.0,349.7,1.031,76.2,1.047,65.7,0.981,135.5,0.966,191.7,0.789,211.0,1.132,55.3,1.031,283.8
1847,1.037,23.9,1.0,0.0,1.037,273.4,0.887,12.6,1.075,47.8,0.814,9.8,1.114,71.7,0.92,36.5,1.0,0.0,1.075,297.3,1.037,157.8,1.0,0.0,1.037,47.3,1.037,162.8,0.502,198.3,1.037,70.0,1.0,180.0,1.575,282.9,0.835,124.6,1.127,110.5,1.0,200.1,1.0,280.0,1.037,336.1,0.64,184.3,0.814,143.7,0.814,259.3,1.0,0.3,1.0,179.7,0.814,148.8,1.0,350.0,1.037,336.1,1.055,35.8,0.872,313.7,0.953,35.2,0.755,204.8,1.155,95.6,1.037,23.9
1848,1.038,124.0,1.0,0.0,1.038,284.7,0.883,8.9,1.077,247.9,0.807,115.5,1.118,11.9,0.916,132.9,1.0,0.0,1.077,48.7,1.038,87.3,1.0,0.0,1.038,248.1,1.038,85.5,0.487,81.3,1.038,340.6,1.0,180.0,1.32,172.4,0.828,207.7,1.131,199.2,1.0,199.6,1.0,279.8,1.038,236.0,0.627,72.9,0.807,78.9,0.807,276.3,1.0,0.5,1.0,179.5,0.807,77.0,1.0,350.2,1.038,236.0,1.057,5.9,1.009,134.3,0.95,239.0,0.747,198.0,1.16,135.8,1.038,124.0
1849,1.035,199.6,1.0,0.0,1.035,258.6,0.895,6.3,1.07,39.3,0.828,195.6,1.107,238.9,0.926,206.0,1.0,0.0,1.07,98.2,1.035,341.2,1.0,0.0,1.035,40.2,1.035,317.6,0.531,352.4,1.035,238.1,1.0,180.0,0.871,68.3,0.848,305.1,1.119,301.0,1.0,201.1,1.0,280.5,1.035,160.4,0.663,348.4,0.828,337.2,0.828,254.6,1.0,359.8,1.0,180.2,0.828,313.5,1.0,349.5,1.035,160.4,1.052,299.5,1.182,316.1,0.958,33.0,0.768,193.4,1.145,78.6,1.035,199.6
1850,1.027,299.8,1.0,0.0,1.027,270.0,0.923,3.5,1.056,239.6,0.874,299.9,1.085,179.4,0.948,303.3,1.0,0.0,1.056,209.8,1.027,270.8,1.0,0.0,1.027,241.1,1.027,240.3,0.632,240.0,1.027,148.8,1.0,180.0,0.969,7.8,0.892,29.7,1.094,29.8,1.0,200.6,1.0,280.3,1.027,60.2,0.743,240.0,0.874,270.9,0.874,270.1,1.0,0.1,1.0,179.9,0.874,240.4,1.0,349.7,1.027,60.2,1.041,269.7,1.179,155.7,0.974,236.1,0.815,187.8,1.114,119.2,1.027,299.8
1851,1.017,40.1,1.0,0.0,1.017,281.6,0.96,1.6,1.035,80.2,0.934,42.6,1.053,120.4,0.976,41.8,1.0,0.0,1.035,321.8,1.017,200.6,1.0,0.0,1.017,82.1,1.017,163.2,0.786,132.5,1.017,59.6,1.0,180.0,1.616,274.1,0.948,116.0,1.059,118.5,1.0,200.1,1.0,280.1,1.017,319.9,0.857,134.9,0.934,203.1,0.934,284.1,1.0,0.3,1.0,179.7,0.934,165.6,1.0,349.9,1.017,319.9,1.026,240.2,0.932,350.7,0.993,78.6,0.887,183.8,1.071,160.5,1.017,40.1
1852,1.005,140.6,1.0,0.0,1.005,293.4,0.999,0.9,1.011,281.3,0.998,143.8,1.016,61.9,1.004,141.6,1.0,0.0,1.011,74.1,1.005,130.6,1.0,0.0,1.005,283.4,1.005,86.2,0.982,29.9,1.005,330.7,1.0,180.0,1.91,165.0,1.006,204.0,1.017,207.2,1.0,199.6,1.0,279.8,1.005,219.4,0.99,33.0,0.998,133.8,0.998,296.6,1.0,0.6,1.0,179.4,0.998,89.4,1.0,350.2,1.005,219.4,1.008,211.0,0.768,161.5,1.01,280.3,0.976,181.9,1.021,202.6,1.005,140.6
1853,0.993,217.0,1.0,0.0,0.993,268.0,1.037,2.2,0.985,74.1,1.059,218.5,0.978,291.1,1.029,219.2,1.0,0.0,0.985,125.1,0.993,25.2,1.0,0.0,0.993,76.2,0.993,319.1,1.204,318.6,0.993,228.9,1.0,180.0,1.495,49.7,1.061,307.5,0.973,309.0,1.0,201.1,1.0,280.6,0.993,143.0,1.129,320.1,1.059,26.6,1.059,269.5,1.0,359.8,1.0,180.2,1.059,320.5,1.0,349.4,0.993,143.0,0.989,145.6,1.095,330.9,1.022,71.9,1.075,184.0,0.971,148.2,0.993,217.0
1854,0.981,318.0,1.0,0.0,0.981,280.3,1.069,3.3,0.963,276.1,1.11,317.7,0.945,234.1,1.049,321.4,1.0,0.0,0.963,238.4,0.981,315.7,1.0,0.0,0.981,277.9,0.981,242.6,1.422,223.1,0.981,140.4,1.0,180.0,1.047,347.2,1.105,38.1,0.933,37.7,1.0,200.7,1.0,280.3,0.981,42.0,1.256,222.7,1.11,315.3,1.11,280.0,1.0,0.1,1.0,179.9,1.11,242.3,1.0,349.7,0.981,42.0,0.972,117.1,1.304,177.7,1.029,272.8,1.168,186.0,0.927,192.2,0.981,318.0
1855,0.972,59.3,1.0,0.0,0.972,292.8,1.093,5.0,0.944,118.5,1.149,56.3,0.918,177.8,1.062,64.3,1.0,0.0,0.944,352.1,0.972,246.3,1.0,0.0,0.972,119.9,0.972,166.4,1.607,129.7,0.972,52.2,1.0,180.0,1.788,275.5,1.138,129.4,0.9,126.4,1.0,200.2,1.0,280.1,0.972,300.7,1.359,126.7,1.149,243.4,1.149,289.8,1.0,0.4,1.0,179.6,1.149,163.4,1.0,349.9,0.972,300.7,0.958,88.9,1.007,26.1,1.032,113.5,1.246,189.5,0.892,237.0,0.972,59.3
1856,0.966,160.6,1.0,0.0,0.966,305.5,1.108,7.1,0.932,321.3,1.174,154.6,0.9,121.9,1.069,167.8,1.0,0.0,0.932,106.1,0.966,177.2,1.0,0.0,0.966,322.0,0.966,90.3,1.735,37.5,0.966,324.1,1.0,180.0,2.271,170.8,1.158,221.2,0.879,215.1,1.0,199.7,1.0,279.8,0.966,199.4,1.427,31.5,1.174,171.1,1.174,299.4,1.0,0.6,1.0,179.4,1.174,84.3,1.0,350.2,0.966,199.4,0.949,61.0,0.597,194.6,1.033,314.1,1.298,194.0,0.869,282.6,0.966,160.6
1857,0.963,237.7,1.0,0.0,0.963,280.8,1.113,10.4,0.928,115.5,1.183,227.4,0.894,353.2,1.072,248.2,1.0,0.0,0.928,158.5,0.963,72.5,1.0,0.0,0.963,115.5,0.963,323.9,1.783,333.4,0.963,223.0,1.0,180.0,1.799,54.6,1.165,327.3,0.871,316.9,1.0,201.2,1.0,280.6,0.963,122.3,1.452,323.0,1.183,62.1,1.183,270.4,1.0,359.9,1.0,180.1,1.183,313.5,1.0,349.4,0.963,122.3,0.945,356.6,1.033,353.3,1.033,105.0,1.317,200.9,0.861,231.0,0.963,237.7
1858,0.965,339.2,1.0,0.0,0.965,293.5,1.109,12.7,0.931,318.4,1.176,325.5,0.899,297.5,1.07,351.9,1.0,0.0,0.931,272.7,0.965,3.4,1.0,0.0,0.965,317.7,0.965,247.8,1.745,241.9,0.965,135.0,1.0,180.0,1.1,347.1,1.159,59.4,0.877,45.7,1.0,200.7,1.0,280.4,0.965,20.8,1.432,228.2,1.176,349.7,1.176,279.8,1.0,0.1,1.0,179.9,1.176,234.1,1.0,349.6,0.965,20.8,0.948,328.8,1.335,204.2,1.033,305.6,1.302,205.8,0.867,276.7,0.965,339.2
1859,0.971,80.6,1.0,0.0,0.971,306.2,1.095,14.9,0.942,161.2,1.153,63.7,0.915,241.7,1.063,95.5,1.0,0.0,0.942,26.8,0.971,294.2,1.0,0.0,0.971,159.9,0.971,171.8,1.626,149.9,0.971,46.9,1.0,180.0,1.704,282.5,1.141,151.2,0.897,134.4,1.0,200.2,1.0,280.1,0.971,279.4,1.369,133.1,1.153,277.4,1.153,289.4,1.0,0.4,1.0,179.6,1.153,155.0,1.0,349.9,0.971,279.4,0.957,300.9,1.062,54.4,1.032,146.3,1.253,210.3,0.888,322.3,0.971,80.6
1860,0.98,181.8,1.0,0.0,0.98,318.7,1.072,16.7,0.96,3.7,1.116,162.3,0.941,185.5,1.051,198.5,1.0,0.0,0.96,140.6,0.98,225.0,1.0,0.0,0.98,1.9,0.98,95.6,1.447,56.7,0.98,318.7,1.0,180.0,2.155,178.9,1.11,242.6,0.928,223.1,1.0,199.8,1.0,279.9,0.98,178.2,1.27,37.2,1.116,205.5,1.116,299.2,1.0,0.6,1.0,179.4,1.116,76.1,1.0,350.1,0.98,178.2,0.97,272.8,0.656,229.1,1.029,347.0,1.179,214.0,0.922,7.4,0.98,181.8
1861,0.991,258.5,1.0,0.0,0.991,293.6,1.041,18.9,0.983,157.0,1.065,236.1,0.974,55.4,1.032,277.3,1.0,0.0,0.983,192.1,0.991,119.8,1.0,0.0,0.991,154.9,0.991,328.7,1.23,348.8,0.991,217.2,1.0,180.0,1.727,60.3,1.066,347.3,0.968,324.9,1.0,201.3,1.0,280.6,0.991,101.5,1.145,326.4,1.065,97.4,1.065,271.2,1.0,359.9,1.0,180.1,1.065,306.3,1.0,349.4,0.991,101.5,0.987,207.7,0.97,26.1,1.023,138.1,1.086,218.2,0.966,313.9,0.991,258.5
1862,1.004,359.3,1.0,0.0,1.004,305.7,1.004,19.3,1.008,358.6,1.005,336.0,1.011,357.9,1.008,18.6,1.0,0.0,1.008,305.0,1.004,50.1,1.0,0.0,1.004,356.5,1.004,252.1,1.008,250.6,1.004,128.5,1.0,180.0,0.982,340.3,1.013,76.9,1.011,53.6,1.0,200.8,1.0,280.4,1.004,0.7,1.007,227.3,1.005,26.8,1.005,282.4,1.0,0.2,1.0,179.8,1.005,228.8,1.0,349.6,1.004,0.7,1.006,179.0,1.253,229.0,1.012,339.3,0.988,218.6,1.015,357.2,1.004,359.3
1863,1.016,99.9,1.0,0.0,1.016,317.5,0.964,18.7,1.032,199.7,0.941,77.0,1.049,299.6,0.98,118.5,1.0,0.0,1.032,57.4,1.016,340.1,1.0,0.0,1.016,197.8,1.016,175.2,0.808,148.6,1.016,39.6,1.0,180.0,1.202,281.0,0.955,165.1,1.054,142.3,1.0,200.3,1.0,280.2,1.016,260.1,0.872,125.8,0.941,317.3,0.941,294.7,1.0,0.4,1.0,179.6,0.941,152.4,1.0,349.8,1.016,260.1,1.024,149.8,1.14,72.2,0.995,181.0,0.897,216.9,1.065,39.4,1.016,99.9
1864,1.026,200.2,1.0,0.0,1.026,329.2,0.927,17.0,1.053,40.4,0.88,179.6,1.081,240.7,0.951,217.2,1.0,0.0,1.053,169.4,1.026,270.0,1.0,0.0,1.026,38.9,1.026,98.1,0.648,41.7,1.026,310.5,1.0,180.0,1.624,180.0,0.898,251.7,1.091,231.1,1.0,199.8,1.0,279.9,1.026,159.8,0.755,21.0,0.88,249.3,0.88,308.5,1.0,0.7,1.0,179.3,0.88,77.5,1.0,350.1,1.026,159.8,1.04,120.3,0.886,259.5,0.977,23.5,0.822,213.2,1.11,80.9,1.026,200.2
1865,1.034,276.0,1.0,0.0,1.034,303.1,0.898,15.2,1.069,191.9,0.833,258.3,1.105,107.9,0.929,291.2,1.0,0.0,1.069,219.1,1.034,163.8,1.0,0.0,1.034,191.0,1.034,330.2,0.54,317.1,1.034,208.1,1.0,180.0,1.557,56.5,0.853,350.5,1.117,332.9,1.0,201.3,1.0,280.7,1.034,84.0,0.671,299.4,0.833,146.2,0.833,285.4,1.0,360.0,1.0,180.0,0.833,312.6,1.0,349.3,1.034,84.0,1.051,53.9,0.896,62.6,0.96,176.7,0.772,209.6,1.143,23.8,1.034,276.0
1866,1.038,16.0,1.0,0.0,1.038,314.5,0.883,11.7,1.077,32.1,0.808,3.6,1.117,48.1,0.916,27.7,1.0,0.0,1.077,330.5,1.038,93.4,1.0,0.0,1.038,31.8,1.038,252.9,0.49,201.2,1.038,118.7,1.0,180.0,1.116,310.8,0.829,74.0,1.13,61.6,1.0,200.8,1.0,280.4,1.038,344.0,0.629,188.8,0.808,81.0,0.808,302.1,1.0,0.2,1.0,179.8,0.808,240.5,1.0,349.6,1.038,344.0,1.057,24.1,1.094,249.4,0.951,20.4,0.749,203.1,1.159,64.2,1.038,16.0
1867,1.037,116.1,1.0,0.0,1.037,325.8,0.886,8.0,1.075,232.2,0.812,109.4,1.115,348.3,0.918,124.1,1.0,0.0,1.075,81.9,1.037,22.9,1.0,0.0,1.037,232.6,1.037,175.5,0.498,84.1,1.037,29.3,1.0,180.0,0.76,235.4,0.833,157.0,1.128,150.3,1.0,200.4,1.0,280.2,1.037,243.9,0.636,77.4,0.812,16.2,0.812,319.1,1.0,0.5,1.0,179.5,0.812,168.7,1.0,349.8,1.037,243.9,1.056,354.1,1.201,86.0,0.952,224.2,0.752,196.4,1.156,104.4,1.037,116.1
1868,1.032,216.2,1.0,0.0,1.032,337.2,0.905,4.6,1.066,72.4,0.843,214.4,1.1,288.5,0.934,220.8,1.0,0.0,1.066,193.3,1.032,312.5,1.0,0.0,1.032,73.5,1.032,98.1,0.563,329.1,1.032,299.9,1.0,180.0,1.138,163.5,0.863,240.8,1.111,239.0,1.0,199.9,1.0,279.9,1.032,143.8,0.689,327.3,0.843,310.7,0.843,335.4,1.0,0.7,1.0,179.3,0.843,96.4,1.0,350.1,1.032,143.8,1.049,324.3,1.106,283.9,0.964,67.7,0.783,190.1,1.135,144.7,1.032,216.2
1869,1.024,292.0,1.0,0.0,1.024,311.2,0.936,3.1,1.048,224.0,0.895,292.8,1.073,156.1,0.959,295.1,1.0,0.0,1.048,243.2,1.024,206.5,1.0,0.0,1.024,225.7,1.024,330.4,0.685,245.8,1.024,197.5,1.0,180.0,1.674,47.5,0.912,340.1,1.082,340.8,1.0,201.4,1.0,280.7,1.024,68.0,0.783,246.5,0.895,207.2,0.895,311.9,1.0,0.0,1.0,180.0,0.895,331.1,1.0,349.3,1.024,68.0,1.036,258.0,0.864,100.5,0.981,220.9,0.84,187.0,1.099,88.1,1.024,292.0
1870,1.013,32.4,1.0,0.0,1.013,322.9,0.975,1.7,1.026,64.8,0.958,34.9,1.039,97.3,0.987,34.1,1.0,0.0,1.026,355.3,1.013,136.4,1.0,0.0,1.013,66.8,1.013,253.4,0.857,140.3,1.013,108.5,1.0,180.0,1.75,297.3,0.97,67.1,1.043,69.5,1.0,200.9,1.0,280.5,1.013,327.6,0.906,142.7,0.958,138.8,0.958,325.3,1.0,0.2,1.0,179.8,0.958,255.8,1.0,349.5,1.013,327.6,1.019,228.6,0.861,271.0,1.0,63.1,0.919,183.8,1.052,129.7,1.013,32.4
1871,1.0,133.0,1.0,0.0,1.0,334.8,1.014,1.4,1.001,266.1,1.022,135.6,1.001,39.1,1.015,134.5,1.0,0.0,1.001,107.8,1.0,66.5,1.0,0.0,1.0,268.2,1.0,176.5,1.067,39.3,1.0,19.6,1.0,180.0,1.237,200.0,1.028,155.7,1.0,158.3,1.0,200.4,1.0,280.2,1.0,227.0,1.044,41.9,1.022,69.0,1.022,337.3,1.0,0.5,1.0,179.5,1.022,179.1,1.0,349.8,1.0,227.0,1.001,199.6,1.18,100.6,1.015,264.7,1.014,182.7,1.002,172.2,1.0,133.0
1872,0.988,233.9,1.0,0.0,0.988,346.9,1.05,2.1,0.976,107.8,1.08,235.2,0.965,341.6,1.038,235.9,1.0,0.0,0.976,220.8,0.988,356.8,1.0,0.0,0.988,109.8,0.988,99.9,1.29,302.1,0.988,291.0,1.0,180.0,1.117,146.1,1.079,245.6,0.957,247.0,1.0,200.0,1.0,280.0,0.988,126.1,1.181,303.4,1.08,358.1,1.08,348.3,1.0,0.8,1.0,179.2,1.08,101.3,1.0,350.0,0.988,126.1,0.982,170.8,1.261,307.9,1.025,105.7,1.112,183.6,0.953,215.5,0.988,233.9
1873,0.977,310.6,1.0,0.0,0.977,321.8,1.079,4.4,0.955,261.2,1.127,308.8,0.933,211.8,1.054,315.0,1.0,0.0,0.955,272.4,0.977,251.6,1.0,0.0,0.977,262.9,0.977,333.1,1.499,234.8,0.977,189.6,1.0,180.0,1.933,48.5,1.119,350.5,0.919,348.8,1.0,201.4,1.0,280.7,0.977,49.4,1.3,233.0,1.127,249.9,1.127,320.1,1.0,0.0,1.0,180.0,1.127,331.3,1.0,349.3,0.977,49.4,0.966,105.9,0.882,139.4,1.03,256.8,1.201,188.2,0.912,162.4,0.977,310.6
1874,0.969,51.9,1.0,0.0,0.969,334.4,1.1,6.3,0.939,103.8,1.161,47.3,0.91,155.7,1.065,58.2,1.0,0.0,0.939,26.3,0.969,182.4,1.0,0.0,0.969,105.0,0.969,256.9,1.665,141.9,0.969,101.4,1.0,180.0,2.212,301.6,1.147,82.1,0.891,77.5,1.0,201.0,1.0,280.5,0.969,308.1,1.39,137.3,1.161,177.8,1.161,329.8,1.0,0.3,1.0,179.7,1.161,252.3,1.0,349.5,0.969,308.1,0.954,77.8,0.653,296.9,1.032,97.5,1.269,192.1,0.881,207.6,0.969,51.9
1875,0.964,153.3,1.0,0.0,0.964,347.1,1.111,8.5,0.93,306.6,1.179,145.5,0.896,99.9,1.071,161.8,1.0,0.0,0.93,140.4,0.964,113.3,1.0,0.0,0.964,307.1,0.964,180.9,1.763,50.2,0.964,13.3,1.0,180.0,1.584,201.5,1.162,174.0,0.875,166.2,1.0,200.5,1.0,280.2,0.964,206.7,1.442,42.3,1.179,105.5,1.179,339.3,1.0,0.5,1.0,179.5,1.179,173.1,1.0,349.8,0.964,206.7,0.947,50.0,1.15,121.8,1.033,298.1,1.309,196.8,0.864,253.2,0.964,153.3
1876,0.963,254.8,1.0,0.0,0.963,359.9,1.112,10.8,0.928,149.6,1.182,243.6,0.894,44.4,1.072,265.6,1.0,0.0,0.928,254.7,0.963,44.3,1.0,0.0,0.963,149.4,0.963,104.9,1.777,318.7,0.963,285.3,1.0,180.0,1.151,146.0,1.164,266.1,0.872,254.9,1.0,200.0,1.0,280.0,0.963,105.2,1.449,307.6,1.182,33.1,1.182,348.7,1.0,0.8,1.0,179.2,1.182,93.8,1.0,350.0,0.963,105.2,0.946,22.2,1.325,334.9,1.033,138.8,1.315,201.8,0.862,299.2,0.963,254.8
1877,0.967,331.9,1.0,0.0,0.967,335.2,1.105,14.1,0.935,303.8,1.169,316.4,0.904,275.6,1.068,346.0,1.0,0.0,0.935,307.0,0.967,299.5,1.0,0.0,0.967,302.8,0.967,338.5,1.708,254.5,0.967,184.2,1.0,180.0,1.925,56.0,1.154,12.2,0.884,356.7,1.0,201.5,1.0,280.8,0.967,28.1,1.413,239.0,1.169,284.1,1.169,319.7,1.0,0.1,1.0,179.9,1.169,323.0,1.0,349.2,0.967,28.1,0.951,317.8,0.933,170.7,1.032,289.7,1.287,208.6,0.874,247.5,0.967,331.9
1878,0.974,73.2,1.0,0.0,0.974,347.8,1.087,16.1,0.949,146.4,1.14,54.8,0.924,219.6,1.059,89.3,1.0,0.0,0.949,61.0,0.974,230.3,1.0,0.0,0.974,144.9,0.974,262.3,1.563,162.1,0.974,96.1,1.0,180.0,2.195,309.9,1.13,103.9,0.908,85.4,1.0,201.0,1.0,280.5,0.974,286.8,1.335,143.7,1.14,211.9,1.14,329.3,1.0,0.3,1.0,179.7,1.14,243.9,1.0,349.5,0.974,286.8,0.961,289.8,0.643,331.5,1.031,130.3,1.227,212.8,0.9,292.8,0.974,73.2
1879,0.984,174.4,1.0,0.0,0.984,0.2,1.061,17.7,0.968,348.8,1.097,153.5,0.953,163.1,1.044,192.1,1.0,0.0,0.968,174.6,0.984,161.0,1.0,0.0,0.984,346.8,0.984,186.1,1.365,68.2,0.984,7.8,1.0,180.0,1.578,207.0,1.094,195.0,0.943,174.2,1.0,200.6,1.0,280.3,0.984,185.6,1.224,47.3,1.097,140.1,1.097,339.4,1.0,0.6,1.0,179.4,1.097,165.2,1.0,349.7,0.984,185.6,0.976,261.6,1.083,151.8,1.027,331.1,1.144,216.0,0.938,337.5,0.984,174.4
1880,0.996,275.3,1.0,0.0,0.996,12.4,1.027,18.6,0.992,190.6,1.043,252.9,0.988,105.9,1.023,293.9,1.0,0.0,0.992,287.7,0.996,91.4,1.0,0.0,0.996,188.5,0.996,109.5,1.144,331.9,0.996,279.2,1.0,180.0,0.978,142.3,1.047,285.3,0.984,262.9,1.0,200.1,1.0,280.0,0.996,84.7,1.092,309.5,1.043,69.0,1.043,350.0,1.0,0.8,1.0,179.2,1.043,87.1,1.0,350.0,0.996,84.7,0.994,232.9,1.278,359.2,1.019,172.0,1.048,217.6,0.984,21.2,0.996,275.3
1881,1.009,351.6,1.0,0.0,1.009,347.0,0.989,19.6,1.017,343.3,0.981,327.9,1.026,334.9,0.997,11.3,1.0,0.0,1.017,338.6,1.009,345.9,1.0,0.0,1.009,341.2,1.009,342.3,0.927,259.7,1.009,177.4,1.0,180.0,1.468,58.9,0.991,28.4,1.028,4.7,1.0,201.6,1.0,280.8,1.009,8.4,0.953,235.9,0.981,322.1,0.981,323.2,1.0,0.1,1.0,179.9,0.981,318.5,1.0,349.2,1.009,8.4,1.013,167.5,1.05,189.9,1.006,323.6,0.951,219.2,1.035,326.6,1.009,351.6
1882,1.02,92.1,1.0,0.0,1.02,358.7,0.949,18.6,1.041,184.2,0.917,69.5,1.062,276.4,0.968,110.8,1.0,0.0,1.041,90.8,1.02,275.8,1.0,0.0,1.02,182.4,1.02,265.3,0.74,155.9,1.02,88.4,1.0,180.0,1.765,312.9,0.932,116.0,1.069,93.4,1.0,201.1,1.0,280.5,1.02,267.9,0.824,133.2,0.917,253.2,0.917,336.1,1.0,0.4,1.0,179.6,0.917,242.7,1.0,349.5,1.02,267.9,1.031,138.2,0.814,8.9,0.988,165.6,0.865,216.7,1.083,8.5,1.02,92.1
1883,1.03,192.4,1.0,0.0,1.03,10.3,0.914,16.5,1.06,24.8,0.86,172.6,1.092,217.1,0.942,208.9,1.0,0.0,1.06,202.6,1.03,205.6,1.0,0.0,1.03,23.4,1.03,188.1,0.599,47.0,1.03,359.2,1.0,180.0,1.476,202.9,0.878,201.9,1.102,182.1,1.0,200.6,1.0,280.3,1.03,167.6,0.717,27.2,0.86,185.8,0.86,350.5,1.0,0.6,1.0,179.4,0.86,168.4,1.0,349.7,1.03,167.6,1.045,108.6,0.962,184.5,0.97,8.2,0.8,212.2,1.124,49.5,1.03,192.4
1884,1.036,292.5,1.0,0.0,1.036,21.7,0.89,13.4,1.073,225.0,0.82,277.2,1.111,157.5,0.922,305.9,1.0,0.0,1.073,314.2,1.036,135.1,1.0,0.0,1.036,224.3,1.036,110.8,0.514,293.3,1.036,269.8,1.0,180.0,0.92,107.1,0.84,286.1,1.124,270.8,1.0,200.1,1.0,280.1,1.036,67.5,0.649,278.0,0.82,119.9,0.82,6.4,1.0,0.9,1.0,179.1,0.82,95.6,1.0,349.9,1.036,67.5,1.054,78.8,1.164,17.7,0.955,211.6,0.76,206.2,1.151,90.0,1.036,292.5
1885,1.038,8.2,1.0,0.0,1.038,355.6,0.882,10.7,1.077,16.4,0.806,357.5,1.118,24.5,0.915,18.9,1.0,0.0,1.077,3.7,1.038,29.0,1.0,0.0,1.038,16.4,1.038,342.9,0.486,203.9,1.038,167.4,1.0,180.0,0.826,31.9,0.827,23.3,1.131,12.6,1.0,201.6,1.0,280.8,1.038,351.8,0.626,193.2,0.806,18.3,0.806,344.9,1.0,0.1,1.0,179.9,0.806,332.2,1.0,349.2,1.038,351.8,1.057,12.3,1.183,204.6,0.95,5.6,0.747,201.5,1.16,32.7,1.038,8.2
1886,1.036,108.2,1.0,0.0,1.036,6.9,0.891,7.1,1.072,216.5,0.821,103.1,1.111,324.7,0.923,115.3,1.0,0.0,1.072,115.1,1.036,318.5,1.0,0.0,1.036,217.2,1.036,265.5,0.516,87.2,1.036,78.0,1.0,180.0,1.314,302.1,0.842,106.5,1.123,101.3,1.0,201.2,1.0,280.6,1.036,251.8,0.651,82.1,0.821,313.4,0.821,1.7,1.0,0.4,1.0,179.6,0.821,260.4,1.0,349.4,1.036,251.8,1.054,342.4,1.02,39.0,0.956,209.4,0.761,194.8,1.15,73.0,1.036,108.2
1887,1.029,208.4,1.0,0.0,1.029,18.3,0.916,4.0,1.06,56.7,0.861,207.7,1.091,265.1,0.942,212.4,1.0,0.0,1.06,226.7,1.029,248.1,1.0,0.0,1.029,58.1,1.029,188.2,0.603,333.7,1.029,348.6,1.0,180.0,1.665,192.6,0.88,190.8,1.101,190.1,1.0,200.7,1.0,280.3,1.029,151.6,0.721,333.0,0.861,247.4,0.861,17.6,1.0,0.7,1.0,179.3,0.861,187.5,1.0,349.7,1.029,151.6,1.044,312.5,0.844,219.9,0.97,52.7,0.802,188.9,1.123,113.4,1.029,208.4
1888,1.02,308.6,1.0,0.0,1.02,29.8,0.951,1.9,1.04,257.2,0.919,310.7,1.061,205.9,0.97,310.6,1.0,0.0,1.04,338.4,1.02,177.8,1.0,0.0,1.02,259.1,1.02,111.0,0.746,225.1,1.02,259.4,1.0,180.0,1.536,83.1,0.934,276.7,1.068,278.8,1.0,200.2,1.0,280.1,1.02,51.4,0.828,227.2,0.919,180.0,0.919,31.9,1.0,0.9,1.0,179.1,0.919,113.1,1.0,349.9,1.02,51.4,1.03,282.9,0.969,35.4,0.989,255.3,0.868,184.5,1.082,154.5,1.02,308.6
1889,1.008,24.7,1.0,0.0,1.008,4.1,0.99,2.0,1.016,49.4,0.983,26.9,1.025,74.2,0.998,26.7,1.0,0.0,1.016,28.9,1.008,72.1,1.0,0.0,1.008,51.5,1.008,343.6,0.935,148.8,1.008,157.3,1.0,180.0,1.013,343.7,0.993,18.4,1.026,20.6,1.0,201.7,1.0,280.8,1.008,335.3,0.959,150.9,0.983,74.3,0.983,6.3,1.0,0.2,1.0,179.8,0.983,345.7,1.0,349.2,1.008,335.3,1.012,217.1,1.23,219.6,1.006,47.5,0.955,184.0,1.033,98.9,1.008,24.7
1890,0.996,125.5,1.0,0.0,0.996,16.2,1.029,2.0,0.991,250.9,1.046,127.2,0.987,16.4,1.024,127.5,1.0,0.0,0.991,141.6,0.996,2.3,1.0,0.0,0.996,253.0,0.996,266.9,1.153,49.3,0.996,68.6,1.0,180.0,1.259,288.7,1.049,107.6,0.983,109.3,1.0,201.2,1.0,280.6,0.996,234.5,1.098,51.1,1.046,4.1,1.046,17.9,1.0,0.4,1.0,179.6,1.046,268.6,1.0,349.4,0.996,234.5,0.993,188.2,1.188,65.8,1.02,248.9,1.052,183.8,0.982,141.8,0.996,125.5
1891,0.984,226.4,1.0,0.0,0.984,28.4,1.062,3.0,0.968,92.8,1.1,226.5,0.952,319.2,1.045,229.4,1.0,0.0,0.968,254.8,0.984,292.7,1.0,0.0,0.984,94.7,0.984,190.4,1.374,313.2,0.984,340.1,1.0,180.0,2.02,192.7,1.096,197.9,0.941,198.0,1.0,200.7,1.0,280.4,0.984,133.6,1.229,313.3,1.1,292.9,1.1,28.5,1.0,0.7,1.0,179.3,1.1,190.5,1.0,349.6,0.984,133.6,0.976,159.6,0.777,260.3,1.028,89.8,1.148,185.4,0.936,185.6,0.984,226.4
1892,0.974,327.6,1.0,0.0,0.974,40.8,1.088,4.6,0.948,295.2,1.142,325.3,0.923,262.7,1.059,332.2,1.0,0.0,0.948,8.4,0.974,223.4,1.0,0.0,0.974,296.7,0.974,114.1,1.571,219.4,0.974,251.8,1.0,180.0,2.086,84.9,1.132,289.1,0.907,286.7,1.0,200.3,1.0,280.1,0.974,32.4,1.339,217.1,1.142,221.1,1.142,38.5,1.0,1.0,1.0,179.0,1.142,111.8,1.0,349.9,0.974,32.4,0.961,131.4,0.765,55.9,1.031,290.6,1.231,188.6,0.898,230.3,0.974,327.6
1893,0.967,44.5,1.0,0.0,0.967,16.0,1.105,7.6,0.934,89.1,1.169,38.2,0.903,133.6,1.068,52.2,1.0,0.0,0.934,60.5,0.967,118.5,1.0,0.0,0.967,90.0,0.967,347.5,1.712,154.4,0.967,150.6,1.0,180.0,1.362,339.4,1.154,34.8,0.883,28.5,1.0,201.8,1.0,280.9,0.967,315.5,1.415,148.1,1.169,112.2,1.169,9.7,1.0,0.2,1.0,179.8,1.169,341.1,1.0,349.1,0.967,315.5,0.95,66.8,1.241,240.3,1.033,81.5,1.288,194.9,0.873,178.2,0.967,44.5
1894,0.963,146.0,1.0,0.0,0.963,28.7,1.113,9.9,0.928,292.0,1.182,136.4,0.894,78.0,1.072,155.9,1.0,0.0,0.928,174.7,0.963,49.5,1.0,0.0,0.963,292.2,0.963,271.5,1.779,62.8,0.963,62.5,1.0,180.0,1.295,289.5,1.164,126.9,0.872,117.3,1.0,201.3,1.0,280.6,0.963,214.0,1.45,53.2,1.182,39.9,1.182,19.1,1.0,0.5,1.0,179.5,1.182,261.9,1.0,349.4,0.963,214.0,0.946,39.0,1.276,94.0,1.033,282.1,1.316,199.7,0.861,224.0,0.963,146.0
1895,0.964,247.5,1.0,0.0,0.964,41.5,1.111,12.2,0.93,135.0,1.179,234.5,0.896,22.4,1.071,259.7,1.0,0.0,0.93,289.0,0.964,340.4,1.0,0.0,0.964,134.4,0.964,195.5,1.761,331.4,0.964,334.6,1.0,180.0,2.101,200.2,1.162,218.9,0.875,206.0,1.0,200.8,1.0,280.4,0.964,112.5,1.441,318.4,1.179,327.5,1.179,28.6,1.0,0.7,1.0,179.3,1.179,182.6,1.0,349.6,0.964,112.5,0.947,11.2,0.797,295.4,1.033,122.7,1.308,204.7,0.864,269.9,0.964,247.5
1896,0.969,348.9,1.0,0.0,0.969,54.2,1.099,14.4,0.939,337.8,1.16,332.7,0.91,326.6,1.065,3.3,1.0,0.0,0.939,43.1,0.969,271.3,1.0,0.0,0.969,336.6,0.969,119.5,1.66,239.6,0.969,246.5,1.0,180.0,2.166,93.1,1.146,310.9,0.892,294.7,1.0,200.3,1.0,280.2,0.969,11.1,1.387,223.4,1.16,255.1,1.16,38.0,1.0,1.0,1.0,179.0,1.16,103.3,1.0,349.8,0.969,11.1,0.954,343.3,0.705,86.7,1.032,323.3,1.267,209.3,0.882,315.5,0.969,348.9
1897,0.978,65.8,1.0,0.0,0.978,29.3,1.078,17.3,0.956,131.6,1.125,45.8,0.934,197.3,1.054,83.1,1.0,0.0,0.956,95.1,0.978,166.4,1.0,0.0,0.978,129.9,0.978,352.8,1.491,174.0,0.978,145.2,1.0,180.0,1.403,343.8,1.118,56.4,0.921,36.5,1.0,201.8,1.0,280.9,0.978,294.2,1.295,154.1,1.125,146.4,1.125,9.4,1.0,0.3,1.0,179.7,1.125,332.9,1.0,349.1,0.978,294.2,0.967,278.7,1.189,268.4,1.03,114.3,1.197,215.2,0.913,263.1,0.978,65.8
1898,0.989,166.9,1.0,0.0,0.989,41.6,1.049,18.6,0.977,333.7,1.078,144.8,0.966,140.6,1.037,185.5,1.0,0.0,0.977,208.5,0.989,96.9,1.0,0.0,0.989,331.7,0.989,276.4,1.28,79.3,0.989,56.8,1.0,180.0,1.097,290.3,1.077,147.3,0.959,125.2,1.0,201.3,1.0,280.7,0.989,193.1,1.174,57.3,1.078,74.8,1.078,19.6,1.0,0.5,1.0,179.5,1.078,254.4,1.0,349.3,0.989,193.1,0.983,250.3,1.266,118.4,1.025,315.1,1.108,217.8,0.955,307.4,0.989,166.9
1899,1.001,267.7,1.0,0.0,1.001,53.8,1.013,19.2,1.002,175.4,1.02,244.5,1.003,83.2,1.014,286.9,1.0,0.0,1.002,321.5,1.001,27.2,1.0,0.0,1.001,173.3,1.001,199.9,1.058,341.9,1.001,328.2,1.0,180.0,1.717,205.6,1.026,237.1,1.001,213.9,1.0,200.9,1.0,280.4,1.001,92.3,1.039,318.7,1.02,4.0,1.02,30.6,1.0,0.8,1.0,179.2,1.02,176.7,1.0,349.6,1.001,92.3,1.001,221.6,0.937,317.1,1.015,156.2,1.01,218.6,1.004,350.9,1.001,267.7
1900,1.013,8.3,1.0,0.0,1.013,65.7,0.973,18.9,1.027,16.6,0.956,345.3,1.04,24.9,0.986,27.2,1.0,0.0,1.027,73.9,1.013,317.3,1.0,0.0,1.013,14.6,1.013,123.0,0.85,240.8,1.013,239.3,1.0,180.0,1.84,97.3,0.968,325.7,1.045,302.7,1.0,200.4,1.0,280.2,1.013,351.7,0.901,217.8,0.956,294.2,0.956,42.6,1.0,1.0,1.0,179.0,0.956,100.0,1.0,349.8,1.013,351.7,1.02,192.4,0.788,127.1,0.999,357.7,0.915,217.5,1.054,33.2,1.013,8.3
1901,1.024,108.7,1.0,0.0,1.024,77.3,0.935,17.4,1.049,217.4,0.893,87.4,1.074,326.1,0.957,126.1,1.0,0.0,1.049,186.0,1.024,247.1,1.0,0.0,1.024,215.8,1.024,46.0,0.679,135.1,1.024,150.2,1.0,180.0,1.345,350.8,0.91,52.6,1.083,31.4,1.0,199.9,1.0,279.9,1.024,251.3,0.779,113.8,0.893,225.9,0.893,56.1,1.0,1.3,1.0,178.7,0.893,24.7,1.0,350.1,1.024,251.3,1.037,163.0,1.05,309.0,0.98,200.0,0.837,214.2,1.1,74.8,1.024,108.7
1902,1.032,208.9,1.0,0.0,1.032,88.8,0.903,14.9,1.066,57.8,0.842,191.2,1.101,266.7,0.933,223.8,1.0,0.0,1.066,297.7,1.032,176.8,1.0,0.0,1.032,56.7,1.032,328.7,0.56,24.3,1.032,61.0,1.0,180.0,0.804,271.2,0.861,137.8,1.112,120.1,1.0,199.4,1.0,279.7,1.032,151.1,0.686,6.5,0.842,159.1,0.842,71.1,1.0,1.5,1.0,178.5,0.842,311.0,1.0,350.3,1.032,151.1,1.049,133.3,1.206,147.1,0.963,42.9,0.781,209.0,1.136,115.6,1.032,208.9
1903,1.037,309.0,1.0,0.0,1.037,100.2,0.885,11.5,1.075,258.0,0.811,296.3,1.115,207.0,0.918,320.5,1.0,0.0,1.075,49.2,1.037,106.4,1.0,0.0,1.037,257.6,1.037,251.4,0.496,269.1,1.037,331.6,1.0,180.0,1.019,204.2,0.832,221.5,1.128,208.8,1.0,198.9,1.0,279.5,1.037,51.0,0.634,256.4,0.811,93.7,0.811,87.5,1.0,1.8,1.0,178.2,0.811,238.7,1.0,350.5,1.037,51.0,1.056,103.5,1.129,345.0,0.952,246.5,0.751,202.7,1.157,156.0,1.037,309.0
1904,1.037,49.1,1.0,0.0,1.037,111.5,0.883,7.8,1.076,98.1,0.808,42.0,1.117,147.2,0.916,56.9,1.0,0.0,1.076,160.6,1.037,35.9,1.0,0.0,1.037,98.4,1.037,174.0,0.49,152.0,1.037,242.2,1.0,180.0,1.456,102.0,0.829,304.6,1.13,297.5,1.0,198.5,1.0,279.2,1.037,310.9,0.63,145.0,0.808,28.9,0.808,104.5,1.0,2.0,1.0,177.9,0.808,167.0,1.0,350.8,1.037,310.9,1.057,73.6,0.94,174.1,0.951,90.3,0.749,195.9,1.158,196.2,1.037,49.1
1905,1.034,124.7,1.0,0.0,1.034,85.4,0.899,5.3,1.068,249.4,0.834,122.0,1.104,14.2,0.929,130.0,1.0,0.0,1.068,210.1,1.034,289.8,1.0,0.0,1.034,250.4,1.034,46.1,0.543,63.5,1.034,139.7,1.0,180.0,1.589,337.9,0.854,42.1,1.116,39.3,1.0,200.0,1.0,280.0,1.034,235.3,0.673,60.8,0.834,287.0,0.834,82.6,1.0,1.3,1.0,178.7,0.834,43.3,1.0,350.0,1.034,235.3,1.051,7.1,0.876,339.6,0.96,244.2,0.773,191.4,1.142,138.9,1.034,124.7
1906,1.026,224.9,1.0,0.0,1.026,96.9,0.928,2.6,1.053,89.8,0.882,226.0,1.08,314.7,0.952,227.5,1.0,0.0,1.053,321.8,1.026,219.4,1.0,0.0,1.026,91.3,1.026,328.8,0.652,311.8,1.026,50.4,1.0,180.0,1.286,231.3,0.9,127.0,1.089,128.0,1.0,199.5,1.0,279.7,1.026,135.1,0.759,312.9,0.882,220.5,0.882,98.0,1.0,1.6,1.0,178.4,0.882,329.9,1.0,350.3,1.026,135.1,1.039,337.4,1.069,162.5,0.977,87.2,0.824,186.0,1.108,179.6,1.026,224.9
1907,1.015,325.3,1.0,0.0,1.015,108.5,0.965,0.9,1.031,290.5,0.943,328.5,1.047,255.8,0.98,326.2,1.0,0.0,1.031,73.7,1.015,149.2,1.0,0.0,1.015,292.5,1.015,251.7,0.814,205.1,1.015,321.3,1.0,180.0,0.885,157.9,0.957,213.6,1.052,216.8,1.0,199.0,1.0,279.5,1.015,34.7,0.877,208.3,0.943,152.4,0.943,111.7,1.0,1.8,1.0,178.2,0.943,254.9,1.0,350.5,1.015,34.7,1.023,307.9,1.241,1.2,0.996,289.6,0.899,182.3,1.063,221.0,1.015,325.3
1908,1.003,65.9,1.0,0.0,1.003,120.4,1.005,0.4,1.007,131.7,1.008,69.5,1.01,197.6,1.009,66.2,1.0,0.0,1.007,186.2,1.003,79.3,1.0,0.0,1.003,133.8,1.003,174.9,1.018,103.2,1.003,232.4,1.0,180.0,1.418,91.5,1.016,301.8,1.009,305.5,1.0,198.5,1.0,279.3,1.003,294.1,1.013,106.8,1.008,83.0,1.008,124.0,1.0,2.1,1.0,177.9,1.008,178.5,1.0,350.7,1.003,294.1,1.005,278.8,1.094,204.8,1.012,131.3,0.991,180.7,1.013,263.4,1.003,65.9
1909,0.991,142.2,1.0,0.0,0.991,94.9,1.042,1.8,0.982,284.5,1.067,144.0,0.973,66.7,1.033,144.0,1.0,0.0,0.982,237.2,0.991,333.8,1.0,0.0,0.991,286.6,0.991,47.7,1.239,32.5,0.991,130.6,1.0,180.0,2.043,336.3,1.068,45.5,0.966,47.3,1.0,200.0,1.0,280.0,0.991,217.8,1.15,34.3,1.067,335.6,1.067,96.7,1.0,1.4,1.0,178.6,1.067,49.4,1.0,350.0,0.991,217.8,0.986,213.4,0.718,17.5,1.023,282.7,1.089,183.2,0.964,209.0,0.991,142.2
1910,0.979,243.3,1.0,0.0,0.979,107.3,1.073,3.0,0.959,126.6,1.118,243.1,0.94,9.8,1.051,246.3,1.0,0.0,0.959,350.6,0.979,264.4,1.0,0.0,0.979,128.4,0.979,331.3,1.455,297.3,0.979,42.2,1.0,180.0,1.903,229.0,1.111,136.2,0.927,136.0,1.0,199.5,1.0,279.8,0.979,116.7,1.275,297.1,1.118,264.1,1.118,107.1,1.0,1.6,1.0,178.4,1.118,331.1,1.0,350.2,0.979,116.7,0.969,184.9,0.896,179.7,1.029,123.5,1.181,185.5,0.92,253.1,0.979,243.3
1911,0.97,344.5,1.0,0.0,0.97,119.8,1.096,4.8,0.942,329.1,1.154,341.6,0.914,313.6,1.063,349.4,1.0,0.0,0.942,104.4,0.97,195.1,1.0,0.0,0.97,330.4,0.97,255.1,1.634,204.2,0.97,314.0,1.0,180.0,1.176,145.4,1.142,227.6,0.896,224.7,1.0,199.1,1.0,279.5,0.97,15.5,1.373,201.3,1.154,192.2,1.154,116.9,1.0,1.9,1.0,178.1,1.154,252.2,1.0,350.5,0.97,15.5,0.956,156.8,1.296,22.0,1.032,324.3,1.255,189.1,0.887,298.2,0.97,344.5
1912,0.965,85.9,1.0,0.0,0.965,132.5,1.109,7.0,0.931,171.9,1.176,79.9,0.898,257.8,1.07,92.9,1.0,0.0,0.931,218.4,0.965,126.0,1.0,0.0,0.965,172.5,0.965,179.0,1.748,112.2,0.965,225.9,1.0,180.0,1.485,93.1,1.16,319.5,0.877,313.5,1.0,198.6,1.0,279.3,0.965,274.1,1.434,106.2,1.176,119.9,1.176,126.4,1.0,2.1,1.0,177.9,1.176,173.0,1.0,350.7,0.965,274.1,0.948,128.9,1.194,235.0,1.032,164.9,1.302,193.7,0.867,343.8,0.965,85.9
1913,0.963,163.0,1.0,0.0,0.963,107.8,1.113,10.3,0.928,326.0,1.183,152.6,0.894,129.1,1.072,173.3,1.0,0.0,0.928,270.8,0.963,21.2,1.0,0.0,0.963,326.0,0.963,52.6,1.784,48.1,0.963,124.8,1.0,180.0,2.221,343.6,1.165,65.6,0.871,55.2,1.0,200.1,1.0,280.0,0.963,197.0,1.453,37.7,1.183,10.8,1.183,97.4,1.0,1.4,1.0,178.6,1.183,42.2,1.0,350.0,0.963,197.0,0.945,64.5,0.675,55.4,1.032,315.8,1.316,200.6,0.861,292.1,0.963,163.0
1914,0.966,264.5,1.0,0.0,0.966,120.5,1.107,12.6,0.933,169.0,1.173,250.8,0.901,73.4,1.069,277.1,1.0,0.0,0.933,25.0,0.966,312.1,1.0,0.0,0.966,168.2,0.966,336.6,1.732,316.6,0.966,36.8,1.0,180.0,2.072,236.6,1.158,157.7,0.88,144.0,1.0,199.6,1.0,279.8,0.966,95.5,1.426,302.9,1.173,298.4,1.173,106.8,1.0,1.7,1.0,178.3,1.173,322.9,1.0,350.2,0.966,95.5,0.949,36.7,0.817,206.6,1.032,156.4,1.296,205.5,0.87,337.9,0.966,264.5
1915,0.972,5.9,1.0,0.0,0.972,133.2,1.092,14.7,0.945,11.8,1.148,349.1,0.919,17.6,1.061,20.6,1.0,0.0,0.945,139.1,0.972,243.0,1.0,0.0,0.972,10.4,0.972,260.5,1.602,224.5,0.972,308.7,1.0,180.0,1.239,148.3,1.137,249.5,0.902,232.7,1.0,199.1,1.0,279.6,0.972,354.1,1.356,207.7,1.148,226.2,1.148,116.4,1.0,1.9,1.0,178.1,1.148,243.7,1.0,350.4,0.972,354.1,0.958,8.8,1.27,49.0,1.032,357.1,1.242,210.0,0.893,23.5,0.972,5.9
1916,0.982,107.1,1.0,0.0,0.982,145.7,1.068,16.4,0.963,214.2,1.109,87.7,0.946,321.2,1.048,123.5,1.0,0.0,0.963,252.7,0.982,173.7,1.0,0.0,0.982,212.3,0.982,184.3,1.415,131.0,0.982,220.4,1.0,180.0,1.303,97.3,1.104,340.8,0.934,321.4,1.0,198.7,1.0,279.3,0.982,252.9,1.252,111.7,1.109,154.3,1.109,126.3,1.0,2.2,1.0,177.8,1.109,164.9,1.0,350.7,0.982,252.9,0.972,340.6,1.217,260.2,1.029,197.8,1.164,213.4,0.928,68.3,0.982,107.1
1917,0.993,183.7,1.0,0.0,0.993,120.5,1.035,18.5,0.987,7.4,1.056,161.5,0.98,191.0,1.028,202.1,1.0,0.0,0.987,304.2,0.993,68.4,1.0,0.0,0.993,5.3,0.993,57.3,1.195,62.7,0.993,118.9,1.0,180.0,1.926,350.5,1.059,85.3,0.975,63.2,1.0,200.1,1.0,280.1,0.993,176.3,1.124,40.6,1.056,46.3,1.056,98.4,1.0,1.4,1.0,178.6,1.056,35.2,1.0,349.9,0.993,176.3,0.99,275.5,0.815,81.5,1.021,348.9,1.07,217.3,0.973,14.7,0.993,183.7
1918,1.006,284.5,1.0,0.0,1.006,132.6,0.997,18.7,1.012,208.9,0.995,261.6,1.017,133.4,1.003,303.2,1.0,0.0,1.012,57.0,1.006,358.7,1.0,0.0,1.006,206.8,1.006,340.6,0.974,324.0,1.006,30.2,1.0,180.0,1.846,241.7,1.004,174.7,1.018,151.9,1.0,199.7,1.0,279.8,1.006,75.5,0.985,301.2,0.995,335.9,0.995,109.7,1.0,1.7,1.0,178.3,0.995,317.8,1.0,350.2,1.006,75.5,1.009,246.7,0.82,245.4,1.009,190.2,0.972,217.4,1.023,57.8,1.006,284.5
1919,1.018,25.0,1.0,0.0,1.018,144.3,0.958,18.0,1.036,50.0,0.931,2.9,1.054,74.9,0.975,42.9,1.0,0.0,1.036,169.3,1.018,288.7,1.0,0.0,1.018,48.1,1.018,263.7,0.779,221.2,1.018,301.2,1.0,180.0,1.187,141.6,0.945,262.7,1.06,240.6,1.0,199.2,1.0,279.6,1.018,335.0,0.851,199.1,0.931,266.7,0.931,122.3,1.0,2.0,1.0,178.0,0.931,241.6,1.0,350.4,1.018,335.0,1.027,217.5,1.139,75.8,0.992,32.0,0.883,215.4,1.073,99.9,1.018,25.0
1920,1.028,125.3,1.0,0.0,1.028,155.9,0.921,16.1,1.056,250.6,0.871,105.7,1.086,15.9,0.947,141.4,1.0,0.0,1.056,281.2,1.028,218.5,1.0,0.0,1.028,249.2,1.028,186.6,0.626,113.5,1.028,212.1,1.0,180.0,0.84,78.8,0.89,349.0,1.096,329.4,1.0,198.7,1.0,279.4,1.028,234.7,0.739,93.9,0.871,198.9,0.871,136.3,1.0,2.2,1.0,177.8,0.871,167.0,1.0,350.6,1.028,234.7,1.042,188.0,1.213,277.1,0.973,234.5,0.812,211.4,1.116,141.2,1.028,125.3
1921,1.035,201.1,1.0,0.0,1.035,129.9,0.894,14.2,1.071,42.2,0.827,184.7,1.108,243.2,0.925,215.3,1.0,0.0,1.071,331.0,1.035,112.5,1.0,0.0,1.035,41.3,1.035,58.8,0.528,28.1,1.035,109.7,1.0,180.0,1.257,344.8,0.847,87.5,1.12,71.1,1.0,200.2,1.0,280.1,1.035,158.9,0.66,11.7,0.827,96.1,0.827,113.5,1.0,1.5,1.0,178.5,0.827,42.4,1.0,349.9,1.035,158.9,1.053,121.6,1.048,101.6,0.957,28.0,0.766,207.6,1.146,84.3,1.035,201.1
1922,1.038,301.1,1.0,0.0,1.038,141.3,0.882,10.6,1.077,242.2,0.806,290.1,1.118,183.4,0.915,311.7,1.0,0.0,1.077,82.4,1.038,42.0,1.0,0.0,1.038,242.1,1.038,341.4,0.487,271.8,1.038,20.3,1.0,180.0,1.545,236.1,0.827,170.9,1.131,159.9,1.0,199.7,1.0,279.9,1.038,58.9,0.626,260.9,0.806,31.0,0.806,130.3,1.0,1.7,1.0,178.3,0.806,330.4,1.0,350.1,1.038,58.9,1.057,91.7,0.885,284.3,0.95,231.7,0.747,201.0,1.16,124.5,1.038,301.1
1923,1.036,41.2,1.0,0.0,1.036,152.6,0.887,6.9,1.074,82.4,0.815,35.8,1.113,123.5,0.92,48.1,1.0,0.0,1.074,193.8,1.036,331.5,1.0,0.0,1.036,82.9,1.036,264.0,0.504,154.9,1.036,290.8,1.0,180.0,1.452,124.1,0.836,253.9,1.126,248.6,1.0,199.3,1.0,279.6,1.036,318.8,0.641,149.5,0.815,326.1,0.815,147.2,1.0,2.0,1.0,178.0,0.815,258.6,1.0,350.4,1.036,318.8,1.055,61.8,0.946,101.7,0.953,75.5,0.755,194.3,1.154,164.7,1.036,41.2
1924,1.031,141.3,1.0,0.0,1.031,164.0,0.909,3.6,1.063,282.6,0.85,140.7,1.096,63.8,0.937,144.9,1.0,0.0,1.063,305.2,1.031,261.1,1.0,0.0,1.031,283.8,1.031,186.7,0.579,40.4,1.031,201.5,1.0,180.0,1.03,24.1,0.87,337.9,1.107,337.3,1.0,198.8,1.0,279.4,1.031,218.7,0.701,39.9,0.85,260.5,0.85,163.4,1.0,2.2,1.0,177.8,0.85,186.1,1.0,350.6,1.031,218.7,1.047,31.9,1.147,291.2,0.966,278.9,0.79,188.1,1.13,205.1,1.031,141.3
1925,1.022,217.1,1.0,0.0,1.022,138.0,0.942,2.3,1.045,74.3,0.905,218.8,1.068,291.4,0.963,219.4,1.0,0.0,1.045,355.2,1.022,155.1,1.0,0.0,1.022,76.0,1.022,58.9,0.71,317.9,1.022,99.2,1.0,180.0,0.896,310.5,0.921,77.5,1.076,79.1,1.0,200.3,1.0,280.1,1.022,142.9,0.802,319.6,0.905,156.7,0.905,139.7,1.0,1.5,1.0,178.5,0.905,60.6,1.0,349.9,1.022,142.9,1.033,325.7,1.217,119.9,0.984,72.0,0.851,185.3,1.092,148.6,1.022,217.1
1926,1.011,317.6,1.0,0.0,1.011,149.8,0.981,1.1,1.022,275.2,0.968,320.7,1.033,232.7,0.991,318.7,1.0,0.0,1.022,107.3,1.011,85.0,1.0,0.0,1.011,277.2,1.011,341.9,0.888,213.2,1.011,10.1,1.0,180.0,1.559,227.2,0.98,164.7,1.036,167.8,1.0,199.8,1.0,279.9,1.011,42.4,0.928,216.3,0.968,88.1,0.968,152.8,1.0,1.8,1.0,178.2,0.968,345.0,1.0,350.1,1.011,42.4,1.016,296.4,0.992,319.1,1.002,274.1,0.933,182.4,1.044,190.3,1.011,317.6
1927,0.998,58.2,1.0,0.0,0.998,161.7,1.02,0.9,0.997,116.4,1.032,61.2,0.995,174.7,1.018,59.1,1.0,0.0,0.997,219.9,0.998,15.1,1.0,0.0,0.998,118.6,0.998,265.1,1.101,112.9,0.998,281.3,1.0,180.0,1.996,119.9,1.037,253.6,0.993,256.6,1.0,199.3,1.0,279.7,0.998,301.8,1.066,115.9,1.032,18.1,1.032,164.6,1.0,2.0,1.0,178.0,1.032,268.1,1.0,350.3,0.998,301.8,0.998,267.3,0.724,133.5,1.017,115.5,1.029,181.6,0.994,232.9,0.998,58.2
1928,0.986,159.1,1.0,0.0,0.986,173.9,1.055,1.7,0.973,318.3,1.088,160.7,0.959,117.4,1.04,160.8,1.0,0.0,0.973,333.0,0.986,305.5,1.0,0.0,0.986,320.3,0.986,188.6,1.325,16.1,0.986,192.8,1.0,180.0,1.673,14.6,1.086,343.7,0.95,345.3,1.0,198.8,1.0,279.4,0.986,200.9,1.201,17.7,1.088,307.1,1.088,175.5,1.0,2.3,1.0,177.7,1.088,190.2,1.0,350.6,0.986,200.9,0.979,238.7,1.023,306.7,1.026,316.6,1.126,182.9,0.946,276.6,0.986,159.1
1929,0.976,235.9,1.0,0.0,0.976,148.8,1.083,4.2,0.952,111.8,1.133,234.2,0.929,347.6,1.056,240.0,1.0,0.0,0.952,24.7,0.976,200.4,1.0,0.0,0.976,113.4,0.976,61.8,1.529,309.2,0.976,91.3,1.0,180.0,1.065,291.8,1.125,88.7,0.914,87.1,1.0,200.3,1.0,280.2,0.976,124.1,1.316,307.5,1.133,198.7,1.133,147.2,1.0,1.5,1.0,178.4,1.133,60.1,1.0,349.8,0.976,124.1,0.964,173.8,1.315,141.4,1.031,107.6,1.212,187.7,0.906,223.5,0.976,235.9
1930,0.968,337.2,1.0,0.0,0.968,161.4,1.102,6.1,0.937,314.4,1.165,332.6,0.907,291.6,1.066,343.3,1.0,0.0,0.937,138.6,0.968,131.2,1.0,0.0,0.968,315.4,0.968,345.6,1.687,216.5,0.968,3.2,1.0,180.0,1.683,229.1,1.151,180.4,0.887,175.8,1.0,199.9,1.0,279.9,0.968,22.8,1.402,212.0,1.165,126.6,1.165,156.8,1.0,1.8,1.0,178.2,1.165,341.1,1.0,350.1,0.968,22.8,0.952,145.8,1.085,352.2,1.032,308.3,1.277,191.8,0.878,268.8,0.968,337.2
1931,0.964,78.6,1.0,0.0,0.964,174.1,1.111,8.4,0.929,157.2,1.181,70.8,0.895,235.9,1.071,87.0,1.0,0.0,0.929,252.7,0.964,62.1,1.0,0.0,0.964,157.6,0.964,269.6,1.771,124.9,0.964,275.1,1.0,180.0,2.276,126.6,1.163,272.3,0.873,264.5,1.0,199.4,1.0,279.7,0.964,281.4,1.446,117.0,1.181,54.3,1.181,166.3,1.0,2.1,1.0,177.9,1.181,261.8,1.0,350.3,0.964,281.4,0.946,117.9,0.602,170.1,1.032,148.9,1.311,196.6,0.863,314.5,0.964,78.6
1932,0.964,180.1,1.0,0.0,0.964,186.9,1.112,10.7,0.929,0.2,1.181,168.9,0.895,180.3,1.071,190.8,1.0,0.0,0.929,7.0,0.964,353.1,1.0,0.0,0.964,359.8,0.964,193.7,1.773,33.5,0.964,187.1,1.0,180.0,1.92,20.9,1.164,4.4,0.873,353.2,1.0,198.9,1.0,279.4,0.964,179.9,1.447,22.3,1.181,341.9,1.181,175.7,1.0,2.3,1.0,177.7,1.181,182.5,1.0,350.6,0.964,179.9,0.946,90.1,0.95,330.8,1.032,349.5,1.312,201.5,0.863,0.4,0.964,180.1
1933,0.968,257.2,1.0,0.0,0.968,162.1,1.102,13.9,0.936,154.3,1.165,241.7,0.906,51.5,1.067,271.1,1.0,0.0,0.936,59.3,0.968,248.3,1.0,0.0,0.968,153.3,0.968,67.1,1.69,329.2,0.968,86.0,1.0,180.0,1.123,292.7,1.151,110.4,0.887,95.0,1.0,200.4,1.0,280.2,0.968,102.8,1.404,313.7,1.165,232.8,1.165,146.7,1.0,1.6,1.0,178.4,1.165,51.7,1.0,349.8,0.968,102.8,0.952,25.7,1.321,167.9,1.032,140.4,1.279,208.3,0.877,308.6,0.968,257.2
1934,0.975,358.5,1.0,0.0,0.975,174.8,1.083,15.9,0.951,357.0,1.135,340.1,0.928,355.4,1.057,14.4,1.0,0.0,0.951,173.2,0.975,179.1,1.0,0.0,0.975,355.4,0.975,351.0,1.536,236.6,0.975,357.9,1.0,180.0,1.545,235.3,1.126,202.1,0.913,183.7,1.0,199.9,1.0,280.0,0.975,1.5,1.32,218.2,1.135,160.7,1.135,156.4,1.0,1.8,1.0,178.2,1.135,332.7,1.0,350.0,0.975,1.5,0.963,357.7,1.131,18.8,1.031,341.1,1.215,212.4,0.905,353.9,0.975,358.5
1935,0.986,99.6,1.0,0.0,0.986,187.1,1.056,17.4,0.972,199.2,1.09,79.0,0.958,298.8,1.041,117.0,1.0,0.0,0.972,286.7,0.986,109.7,1.0,0.0,0.986,197.2,0.986,274.7,1.331,142.3,0.986,269.5,1.0,180.0,2.078,134.3,1.088,293.1,0.949,272.5,1.0,199.4,1.0,279.7,0.986,260.4,1.204,121.7,1.09,89.0,1.09,166.5,1.0,2.1,1.0,177.9,1.09,254.0,1.0,350.3,0.986,260.4,0.979,329.4,0.709,201.7,1.026,181.8,1.129,215.3,0.945,38.4,0.986,99.6
1936,0.998,200.5,1.0,0.0,0.998,199.3,1.021,18.2,0.996,41.0,1.033,178.5,0.994,241.6,1.019,218.7,1.0,0.0,0.996,39.9,0.998,40.1,1.0,0.0,0.998,38.9,0.998,198.2,1.108,45.6,0.998,181.0,1.0,180.0,1.785,26.5,1.039,23.2,0.991,1.2,1.0,199.0,1.0,279.5,0.998,159.5,1.07,23.6,1.033,18.0,1.033,177.3,1.0,2.4,1.0,177.6,1.033,176.1,1.0,350.5,0.998,159.5,0.997,300.8,0.902,6.0,1.017,22.9,1.032,216.6,0.992,82.1,0.998,200.5
1937,1.011,276.8,1.0,0.0,1.011,173.8,0.982,19.0,1.021,193.6,0.97,253.6,1.032,110.4,0.992,295.8,1.0,0.0,1.021,90.6,1.011,294.5,1.0,0.0,1.011,191.5,1.011,70.9,0.894,332.8,1.011,79.1,1.0,180.0,1.038,284.8,0.982,126.2,1.035,103.0,1.0,200.5,1.0,280.2,1.011,83.2,0.931,309.6,0.97,271.3,0.97,150.6,1.0,1.6,1.0,178.4,0.97,47.7,1.0,349.8,1.011,83.2,1.016,235.2,1.214,193.1,1.003,174.6,0.936,217.9,1.043,27.2,1.011,276.8
1938,1.022,17.2,1.0,0.0,1.022,185.5,0.943,17.8,1.044,34.4,0.907,355.4,1.067,51.7,0.964,35.1,1.0,0.0,1.044,202.8,1.022,224.4,1.0,0.0,1.022,32.7,1.022,353.9,0.714,228.2,1.022,350.0,1.0,180.0,1.023,228.3,0.923,213.5,1.075,191.7,1.0,200.0,1.0,280.0,1.022,342.8,0.804,206.4,0.907,202.6,0.907,163.7,1.0,1.9,1.0,178.1,0.907,332.1,1.0,350.0,1.022,342.8,1.033,205.8,1.181,35.9,0.985,16.6,0.853,215.0,1.091,68.9,1.022,17.2
1939,1.031,117.5,1.0,0.0,1.031,197.0,0.909,15.6,1.063,234.9,0.852,98.8,1.096,352.4,0.937,133.0,1.0,0.0,1.063,314.5,1.031,154.1,1.0,0.0,1.031,233.7,1.031,276.6,0.581,118.5,1.031,260.8,1.0,180.0,1.48,133.0,0.871,299.1,1.107,280.4,1.0,199.5,1.0,279.7,1.031,242.5,0.704,99.9,0.852,135.4,0.852,178.4,1.0,2.1,1.0,177.9,0.852,258.0,1.0,350.3,1.031,242.5,1.047,176.2,0.954,227.4,0.966,219.4,0.791,210.3,1.129,109.8,1.031,117.5
1940,1.036,217.6,1.0,0.0,1.036,208.5,0.888,12.3,1.074,75.2,0.815,203.7,1.113,292.7,0.92,229.9,1.0,0.0,1.074,66.0,1.036,83.7,1.0,0.0,1.036,74.6,1.036,199.3,0.505,4.1,1.036,171.5,1.0,180.0,1.571,21.9,0.836,23.0,1.126,9.1,1.0,199.0,1.0,279.5,1.036,142.4,0.642,350.2,0.815,69.8,0.815,194.5,1.0,2.4,1.0,177.6,0.815,185.4,1.0,350.5,1.036,142.4,1.055,146.4,0.875,44.3,0.953,62.8,0.755,204.1,1.154,150.3,1.036,217.6
1941,1.038,293.2,1.0,0.0,1.038,182.3,0.882,9.6,1.077,226.5,0.806,284.0,1.118,159.7,0.915,302.9,1.0,0.0,1.077,115.6,1.038,337.5,1.0,0.0,1.038,226.6,1.038,71.4,0.487,274.5,1.038,68.9,1.0,180.0,1.264,260.2,0.827,120.2,1.131,110.9,1.0,200.5,1.0,280.3,1.038,66.8,0.626,265.3,0.806,328.3,0.806,173.1,1.0,1.7,1.0,178.3,0.806,62.2,1.0,349.7,1.038,66.8,1.057,79.9,1.034,215.2,0.95,216.9,0.747,199.4,1.16,93.0,1.038,293.2
1942,1.035,33.3,1.0,0.0,1.035,193.7,0.894,6.0,1.071,66.6,0.826,29.5,1.108,99.9,0.925,39.3,1.0,0.0,1.071,227.0,1.035,267.1,1.0,0.0,1.035,67.4,1.035,354.0,0.526,158.2,1.035,339.5,1.0,180.0,0.827,172.7,0.846,203.5,1.121,199.6,1.0,200.0,1.0,280.0,1.035,326.7,0.659,154.4,0.826,263.2,0.826,189.8,1.0,1.9,1.0,178.1,0.826,350.2,1.0,350.0,1.035,326.7,1.053,49.9,1.192,49.6,0.957,60.6,0.765,192.7,1.147,133.2,1.035,33.3
1943,1.028,133.5,1.0,0.0,1.028,205.1,0.92,3.1,1.057,266.9,0.87,133.9,1.086,40.4,0.946,136.6,1.0,0.0,1.057,338.6,1.028,196.7,1.0,0.0,1.028,268.3,1.028,276.7,0.623,45.4,1.028,250.2,1.0,180.0,1.022,110.5,0.888,288.0,1.096,288.4,1.0,199.6,1.0,279.8,1.028,226.5,0.736,45.8,0.87,197.1,0.87,205.5,1.0,2.2,1.0,177.8,0.87,277.1,1.0,350.2,1.028,226.5,1.042,20.2,1.16,249.0,0.973,263.8,0.81,187.0,1.117,173.8,1.028,133.5
1944,1.018,233.7,1.0,0.0,1.018,216.7,0.957,1.2,1.036,107.5,0.929,236.6,1.055,341.2,0.974,234.9,1.0,0.0,1.036,90.4,1.018,126.4,1.0,0.0,1.018,109.4,1.018,199.6,0.774,297.5,1.018,161.0,1.0,180.0,1.655,13.3,0.944,14.2,1.061,17.1,1.0,199.1,1.0,279.5,1.018,126.3,0.848,300.4,0.929,129.4,0.929,219.6,1.0,2.4,1.0,177.6,0.929,202.5,1.0,350.5,1.018,126.3,1.027,350.6,0.903,82.0,0.991,106.3,0.88,182.9,1.074,215.0,1.018,233.7
1945,1.006,309.9,1.0,0.0,1.006,191.0,0.996,1.4,1.012,259.8,0.994,312.6,1.018,209.6,1.002,311.3,1.0,0.0,1.012,140.9,1.006,20.7,1.0,0.0,1.006,261.9,1.006,72.1,0.969,222.0,1.006,59.0,1.0,180.0,1.881,251.7,1.003,116.1,1.019,118.9,1.0,200.6,1.0,280.3,1.006,50.1,0.981,224.7,0.994,23.5,0.994,193.7,1.0,1.7,1.0,178.3,0.994,74.9,1.0,349.7,1.006,50.1,1.009,284.8,0.79,240.2,1.009,258.4,0.969,182.8,1.025,159.5,1.006,309.9
1946,0.994,50.7,1.0,0.0,0.994,203.1,1.034,1.6,0.987,101.3,1.055,52.7,0.981,152.0,1.028,52.3,1.0,0.0,0.987,253.7,0.994,311.0,1.0,0.0,0.994,103.4,0.994,355.5,1.188,123.1,0.994,330.3,1.0,180.0,1.416,150.3,1.057,205.5,0.976,207.6,1.0,200.1,1.0,280.0,0.994,309.3,1.119,125.2,1.055,313.1,1.055,205.1,1.0,2.0,1.0,178.0,1.055,357.6,1.0,350.0,0.994,309.3,0.99,256.0,1.129,64.4,1.021,99.7,1.067,182.9,0.975,202.6,0.994,50.7
1947,0.982,151.6,1.0,0.0,0.982,215.3,1.067,2.7,0.964,303.2,1.107,151.9,0.947,94.9,1.047,154.3,1.0,0.0,0.964,6.9,0.982,241.4,1.0,0.0,0.982,305.1,0.982,279.0,1.408,27.4,0.982,241.8,1.0,180.0,1.067,91.8,1.103,296.0,0.935,296.3,1.0,199.6,1.0,279.8,0.982,208.4,1.249,27.7,1.107,241.8,1.107,215.6,1.0,2.2,1.0,177.8,1.107,279.3,1.0,350.2,0.982,208.4,0.973,227.4,1.296,271.8,1.028,300.6,1.162,184.8,0.929,246.5,0.982,151.6
1948,0.972,252.9,1.0,0.0,0.972,227.8,1.091,4.4,0.945,145.7,1.147,250.6,0.919,38.6,1.061,257.2,1.0,0.0,0.945,120.7,0.972,172.2,1.0,0.0,0.972,147.1,0.972,202.8,1.597,293.9,0.972,153.6,1.0,180.0,1.856,15.2,1.136,27.3,0.902,25.0,1.0,199.1,1.0,279.6,0.972,107.1,1.353,291.6,1.147,169.9,1.147,225.6,1.0,2.5,1.0,177.5,1.147,200.5,1.0,350.4,0.972,107.1,0.959,199.3,0.961,118.7,1.032,141.4,1.24,188.2,0.894,291.4,0.972,252.9
1949,0.966,329.8,1.0,0.0,0.966,203.0,1.107,7.4,0.933,299.7,1.173,323.5,0.901,269.5,1.069,337.3,1.0,0.0,0.933,172.9,0.966,67.3,1.0,0.0,0.966,300.5,0.966,76.2,1.729,229.0,0.966,52.4,1.0,180.0,2.263,257.3,1.157,133.1,0.88,126.8,1.0,200.6,1.0,280.3,0.966,30.2,1.424,222.7,1.173,61.0,1.173,196.7,1.0,1.7,1.0,178.3,1.173,69.9,1.0,349.7,0.966,30.2,0.949,134.8,0.606,270.7,1.032,292.2,1.294,194.6,0.87,239.4,0.966,329.8
1950,0.963,71.3,1.0,0.0,0.963,215.7,1.113,9.7,0.928,142.6,1.183,61.7,0.894,213.8,1.072,81.0,1.0,0.0,0.928,287.0,0.963,358.2,1.0,0.0,0.963,142.7,0.963,0.2,1.782,137.6,0.963,324.3,1.0,180.0,1.723,154.5,1.165,225.2,0.872,215.6,1.0,200.2,1.0,280.1,0.963,288.7,1.452,128.0,1.183,348.6,1.183,206.1,1.0,2.0,1.0,178.0,1.183,350.6,1.0,349.9,0.963,288.7,0.945,106.9,1.079,86.6,1.032,132.8,1.316,199.5,0.861,285.1,0.963,71.3
1951,0.965,172.8,1.0,0.0,0.965,228.5,1.109,12.1,0.931,345.6,1.177,159.8,0.898,158.3,1.07,184.9,1.0,0.0,0.931,41.3,0.965,289.2,1.0,0.0,0.965,344.9,0.965,284.2,1.75,46.1,0.965,236.4,1.0,180.0,1.104,91.8,1.16,317.2,0.877,304.3,1.0,199.7,1.0,279.8,0.965,187.2,1.435,33.1,1.177,276.2,1.177,215.6,1.0,2.3,1.0,177.7,1.177,271.3,1.0,350.2,0.965,187.2,0.948,79.2,1.335,298.5,1.032,333.5,1.303,204.4,0.867,331.1,0.965,172.8
1952,0.97,274.1,1.0,0.0,0.97,241.1,1.096,14.2,0.941,188.3,1.155,258.0,0.914,102.4,1.063,288.4,1.0,0.0,0.941,155.3,0.97,220.0,1.0,0.0,0.97,187.0,0.97,208.1,1.637,314.2,0.97,148.3,1.0,180.0,1.783,22.4,1.143,49.1,0.896,33.0,1.0,199.2,1.0,279.6,0.97,85.9,1.375,298.1,1.155,203.9,1.155,225.0,1.0,2.5,1.0,177.5,1.155,192.0,1.0,350.4,0.97,85.9,0.956,51.2,1.017,147.6,1.032,174.1,1.257,209.0,0.886,16.6,0.97,274.1
1953,0.979,351.0,1.0,0.0,0.979,216.2,1.074,17.0,0.959,342.0,1.119,331.2,0.939,333.1,1.051,8.0,1.0,0.0,0.959,207.3,0.979,115.1,1.0,0.0,0.979,340.3,0.979,81.5,1.46,248.4,0.979,47.0,1.0,180.0,2.165,265.4,1.112,154.6,0.926,134.8,1.0,200.7,1.0,280.3,0.979,9.0,1.278,228.6,1.119,95.2,1.119,196.4,1.0,1.8,1.0,178.2,1.119,61.7,1.0,349.7,0.979,9.0,0.969,346.5,0.649,306.0,1.029,325.0,1.183,214.6,0.919,324.1,0.979,351.0
1954,0.99,92.1,1.0,0.0,0.99,228.6,1.043,18.3,0.981,184.2,1.069,70.3,0.972,276.3,1.033,110.4,1.0,0.0,0.981,320.7,0.99,45.6,1.0,0.0,0.99,182.1,0.99,5.1,1.246,153.3,0.99,318.6,1.0,180.0,1.667,160.0,1.07,245.3,0.965,223.5,1.0,200.2,1.0,280.1,0.99,267.9,1.154,131.5,1.069,23.8,1.069,206.8,1.0,2.0,1.0,178.0,1.069,343.3,1.0,349.9,0.99,267.9,0.986,318.1,1.01,118.5,1.023,165.9,1.092,217.0,0.962,8.4,0.99,92.1
1955,1.003,192.9,1.0,0.0,1.003,240.7,1.006,18.7,1.006,25.8,1.009,170.1,1.009,218.7,1.009,211.6,1.0,0.0,1.006,73.6,1.003,335.9,1.0,0.0,1.003,23.7,1.003,288.4,1.023,55.4,1.003,229.9,1.0,180.0,0.959,85.0,1.017,335.0,1.008,312.2,1.0,199.7,1.0,279.9,1.003,167.1,1.016,32.6,1.009,313.1,1.009,217.9,1.0,2.3,1.0,177.7,1.009,265.7,1.0,350.1,1.003,167.1,1.004,289.3,1.262,322.8,1.012,7.1,0.994,217.6,1.012,51.6,1.003,192.9
1956,1.015,293.5,1.0,0.0,1.015,252.5,0.967,18.2,1.031,226.9,0.945,271.1,1.046,160.4,0.981,311.7,1.0,0.0,1.031,186.0,1.015,265.9,1.0,0.0,1.015,225.0,1.015,211.6,0.82,313.6,1.015,141.0,1.0,180.0,1.276,22.2,0.959,63.3,1.051,40.9,1.0,199.3,1.0,279.6,1.015,66.5,0.88,291.2,0.945,243.6,0.945,230.2,1.0,2.5,1.0,177.4,0.945,189.2,1.0,350.4,1.015,66.5,1.023,260.2,1.113,165.5,0.996,208.7,0.902,216.0,1.062,93.8,1.015,293.5
1957,1.026,9.5,1.0,0.0,1.026,226.7,0.929,17.6,1.052,18.9,0.884,348.2,1.079,28.4,0.953,27.0,1.0,0.0,1.052,236.2,1.026,160.1,1.0,0.0,1.026,17.4,1.026,84.0,0.656,234.4,1.026,38.8,1.0,180.0,1.661,266.9,0.901,164.0,1.088,142.7,1.0,200.8,1.0,280.4,1.026,350.5,0.762,213.1,0.884,138.8,0.884,205.5,1.0,1.8,1.0,178.2,0.884,62.7,1.0,349.6,1.026,350.5,1.039,194.2,0.864,339.1,0.977,1.3,0.826,214.4,1.107,37.8,1.026,9.5
1958,1.033,109.6,1.0,0.0,1.033,238.2,0.899,14.9,1.068,219.3,0.835,92.2,1.104,328.9,0.929,124.5,1.0,0.0,1.068,347.8,1.033,89.7,1.0,0.0,1.033,218.3,1.033,6.7,0.545,122.8,1.033,309.5,1.0,180.0,1.53,155.6,0.855,248.9,1.116,231.5,1.0,200.3,1.0,280.1,1.033,250.4,0.675,105.3,0.835,72.3,0.835,220.7,1.0,2.1,1.0,177.9,0.835,349.2,1.0,349.9,1.033,250.4,1.051,164.5,0.914,153.6,0.96,204.4,0.774,209.0,1.141,78.6,1.033,109.6
1959,1.037,209.7,1.0,0.0,1.037,249.6,0.883,11.4,1.076,59.4,0.809,197.5,1.116,269.2,0.917,221.1,1.0,0.0,1.076,99.3,1.037,19.3,1.0,0.0,1.037,59.1,1.037,289.4,0.491,7.1,1.037,220.1,1.0,180.0,1.055,52.1,0.83,332.4,1.13,320.2,1.0,199.8,1.0,279.9,1.037,150.3,0.63,354.8,0.809,7.0,0.809,237.3,1.0,2.3,1.0,177.7,0.809,277.1,1.0,350.1,1.037,150.3,1.057,134.6,1.116,342.3,0.951,48.0,0.749,202.5,1.158,118.9,1.037,209.7
1960,1.037,309.8,1.0,0.0,1.037,260.9,0.885,7.7,1.076,259.5,0.811,303.2,1.116,209.3,0.918,317.4,1.0,0.0,1.076,210.6,1.037,308.8,1.0,0.0,1.037,259.9,1.037,212.0,0.495,250.0,1.037,130.7,1.0,180.0,0.762,341.4,0.832,55.5,1.129,48.9,1.0,199.3,1.0,279.7,1.037,50.2,0.634,243.4,0.811,302.2,0.811,254.3,1.0,2.6,1.0,177.4,0.811,205.4,1.0,350.3,1.037,50.2,1.056,104.6,1.2,179.5,0.952,251.8,0.751,195.8,1.157,159.0,1.037,309.8
1961,1.033,25.5,1.0,0.0,1.033,234.8,0.903,5.3,1.066,50.9,0.841,23.0,1.101,76.4,0.932,30.7,1.0,0.0,1.066,260.2,1.033,202.7,1.0,0.0,1.033,52.0,1.033,84.1,0.557,162.0,1.033,28.3,1.0,180.0,1.198,252.3,0.86,153.2,1.113,150.7,1.0,200.8,1.0,280.4,1.033,334.5,0.684,159.5,0.841,200.2,0.841,232.3,1.0,1.9,1.0,178.1,0.841,81.6,1.0,349.6,1.033,334.5,1.049,38.2,1.081,5.4,0.962,45.7,0.78,191.3,1.137,101.8,1.033,25.5
1962,1.024,125.7,1.0,0.0,1.024,246.3,0.934,2.7,1.05,251.3,0.892,126.8,1.075,17.0,0.956,128.4,1.0,0.0,1.05,11.9,1.024,132.4,1.0,0.0,1.024,252.9,1.024,6.8,0.675,51.0,1.024,299.0,1.0,180.0,1.692,146.5,0.909,238.3,1.084,239.4,1.0,200.3,1.0,280.2,1.024,234.3,0.776,52.1,0.892,133.5,0.892,247.4,1.0,2.1,1.0,177.9,0.892,7.9,1.0,349.8,1.024,234.3,1.037,8.5,0.849,191.0,0.98,248.6,0.835,186.2,1.102,142.6,1.024,125.7
1963,1.014,226.1,1.0,0.0,1.014,257.9,0.972,1.2,1.027,92.1,0.954,229.0,1.041,318.2,0.985,227.3,1.0,0.0,1.027,124.0,1.014,62.2,1.0,0.0,1.014,94.1,1.014,289.8,0.844,305.2,1.014,209.9,1.0,180.0,1.702,36.4,0.966,325.2,1.046,328.1,1.0,199.9,1.0,279.9,1.014,133.9,0.897,308.1,0.954,65.1,0.954,260.8,1.0,2.4,1.0,177.6,0.954,292.7,1.0,350.1,1.014,133.9,1.021,339.1,0.892,2.3,0.998,90.9,0.913,182.8,1.056,184.2,1.014,226.1
1964,1.001,326.7,1.0,0.0,1.001,269.8,1.011,0.9,1.003,293.3,1.018,329.8,1.004,260.0,1.013,327.5,1.0,0.0,1.003,236.5,1.001,352.3,1.0,0.0,1.001,295.5,1.001,213.0,1.052,204.0,1.001,121.0,1.0,180.0,1.165,302.2,1.025,53.7,1.003,56.8,1.0,199.4,1.0,279.7,1.001,33.3,1.035,207.1,1.018,355.4,1.018,272.9,1.0,2.6,1.0,177.4,1.018,216.1,1.0,350.3,1.001,33.3,1.002,310.0,1.203,194.3,1.014,292.4,1.007,181.6,1.005,226.6,1.001,326.7
1965,0.989,43.1,1.0,0.0,0.989,244.5,1.048,2.4,0.978,86.2,1.076,44.1,0.967,129.3,1.036,45.5,1.0,0.0,0.978,287.5,0.989,246.9,1.0,0.0,0.989,88.2,0.989,85.8,1.275,133.8,0.989,19.3,1.0,180.0,1.17,237.2,1.076,157.6,0.96,158.6,1.0,200.9,1.0,280.4,0.989,316.9,1.171,134.9,1.076,247.9,1.076,245.5,1.0,1.9,1.0,178.1,1.076,86.8,1.0,349.6,0.989,316.9,0.983,244.6,1.241,30.4,1.024,83.8,1.105,184.4,0.956,172.4,0.989,43.1
1966,0.978,144.2,1.0,0.0,0.978,256.8,1.077,3.7,0.956,288.4,1.124,143.1,0.935,72.6,1.053,147.9,1.0,0.0,0.956,41.0,0.978,177.5,1.0,0.0,0.978,290.1,0.978,9.5,1.487,39.0,0.978,290.9,1.0,180.0,1.983,147.7,1.117,248.4,0.921,247.4,1.0,200.4,1.0,280.2,0.978,215.8,1.293,38.0,1.124,176.4,1.124,255.8,1.0,2.2,1.0,177.8,1.124,8.4,1.0,349.8,0.978,215.8,0.967,216.3,0.839,230.9,1.03,284.6,1.195,186.9,0.914,216.8,0.978,144.2
1967,0.969,245.5,1.0,0.0,0.969,269.4,1.098,5.6,0.94,131.0,1.159,241.6,0.911,16.4,1.065,251.1,1.0,0.0,0.94,154.9,0.969,108.2,1.0,0.0,0.969,132.1,0.969,293.3,1.656,306.1,0.969,202.7,1.0,180.0,2.181,40.3,1.146,340.0,0.892,336.1,1.0,199.9,1.0,280.0,0.969,114.5,1.385,302.3,1.159,104.4,1.159,265.5,1.0,2.4,1.0,177.6,1.159,289.4,1.0,350.0,0.969,114.5,0.954,188.2,0.686,26.1,1.032,125.3,1.265,190.8,0.883,261.9,0.969,245.5
1968,0.964,346.9,1.0,0.0,0.964,282.1,1.11,7.8,0.93,333.8,1.178,339.8,0.897,320.6,1.071,354.7,1.0,0.0,0.93,269.0,0.964,39.1,1.0,0.0,0.964,334.3,0.964,217.3,1.759,214.3,0.964,114.7,1.0,180.0,1.503,302.5,1.161,71.9,0.875,64.8,1.0,199.5,1.0,279.7,0.964,13.1,1.44,207.2,1.178,32.1,1.178,275.0,1.0,2.7,1.0,177.3,1.178,210.2,1.0,350.3,0.964,13.1,0.947,160.3,1.187,215.7,1.032,325.9,1.306,195.4,0.865,307.5,0.964,346.9
1969,0.963,64.0,1.0,0.0,0.963,257.4,1.112,11.1,0.928,128.0,1.182,52.6,0.894,191.9,1.072,75.1,1.0,0.0,0.928,321.4,0.963,294.4,1.0,0.0,0.963,127.8,0.963,90.8,1.78,150.2,0.963,13.6,1.0,180.0,1.196,237.8,1.165,178.0,0.872,166.6,1.0,200.9,1.0,280.5,0.963,296.0,1.451,138.8,1.182,283.0,1.182,246.0,1.0,1.9,1.0,178.1,1.182,79.4,1.0,349.5,0.963,296.0,0.946,96.0,1.31,57.9,1.032,116.8,1.315,202.4,0.861,255.9,0.963,64.0
1970,0.967,165.4,1.0,0.0,0.967,270.1,1.105,13.4,0.934,330.8,1.17,150.7,0.903,136.3,1.068,178.8,1.0,0.0,0.934,75.5,0.967,225.3,1.0,0.0,0.967,330.0,0.967,14.8,1.715,58.7,0.967,285.6,1.0,180.0,1.991,155.3,1.155,270.0,0.883,255.3,1.0,200.5,1.0,280.2,0.967,194.6,1.416,44.0,1.17,210.6,1.17,255.4,1.0,2.2,1.0,177.8,1.17,0.1,1.0,349.8,0.967,194.6,0.95,68.1,0.883,263.0,1.032,317.4,1.289,207.2,0.873,301.7,0.967,165.4
1971,0.973,266.8,1.0,0.0,0.973,282.7,1.088,15.5,0.947,173.6,1.143,249.1,0.922,80.3,1.059,282.3,1.0,0.0,0.947,189.5,0.973,156.1,1.0,0.0,0.973,172.1,0.973,298.7,1.575,326.4,0.973,197.4,1.0,180.0,2.183,48.6,1.132,1.8,0.906,344.0,1.0,200.0,1.0,280.0,0.973,93.2,1.342,308.7,1.143,138.4,1.143,265.0,1.0,2.4,1.0,177.6,1.143,281.0,1.0,350.0,0.973,93.2,0.96,40.2,0.662,59.9,1.031,158.1,1.231,211.5,0.898,347.1,0.973,266.8
1972,0.983,8.0,1.0,0.0,0.983,295.2,1.063,17.1,0.967,15.9,1.101,347.8,0.951,23.9,1.045,25.0,1.0,0.0,0.967,303.1,0.983,86.8,1.0,0.0,0.983,14.0,0.983,222.4,1.381,232.6,0.983,109.1,1.0,180.0,1.508,307.4,1.097,93.0,0.94,72.8,1.0,199.5,1.0,279.8,0.983,352.0,1.233,212.4,1.101,66.6,1.101,275.0,1.0,2.7,1.0,177.3,1.101,202.2,1.0,350.2,0.983,352.0,0.975,11.9,1.122,245.0,1.028,358.8,1.15,214.8,0.935,31.8,0.983,8.0
1973,0.995,84.5,1.0,0.0,0.995,270.0,1.03,19.0,0.99,169.0,1.047,61.7,0.986,253.6,1.025,103.5,1.0,0.0,0.99,354.5,0.995,341.5,1.0,0.0,0.995,166.9,0.995,95.4,1.159,163.8,0.995,7.6,1.0,180.0,0.999,235.1,1.051,197.3,0.981,174.5,1.0,201.0,1.0,280.5,0.995,275.5,1.102,141.1,1.047,318.7,1.047,247.2,1.0,2.0,1.0,178.0,1.047,72.6,1.0,349.5,0.995,275.5,0.993,306.8,1.275,81.9,1.02,150.0,1.054,218.4,0.981,338.1,0.995,84.5
1974,1.008,185.3,1.0,0.0,1.008,282.0,0.991,19.1,1.016,10.5,0.985,162.0,1.024,195.8,0.999,204.4,1.0,0.0,1.016,107.2,1.008,271.7,1.0,0.0,1.008,8.4,1.008,18.7,0.94,64.5,1.008,278.8,1.0,180.0,1.54,158.9,0.995,286.5,1.025,263.3,1.0,200.5,1.0,280.3,1.008,174.7,0.962,41.3,0.985,248.4,0.985,258.7,1.0,2.2,1.0,177.8,0.985,355.4,1.0,349.7,1.008,174.7,1.012,277.9,1.015,282.6,1.006,351.4,0.956,218.2,1.032,21.0,1.008,185.3
1975,1.02,285.8,1.0,0.0,1.02,293.8,0.951,18.2,1.039,211.5,0.921,263.5,1.06,137.3,0.97,304.0,1.0,0.0,1.039,219.5,1.02,201.7,1.0,0.0,1.02,209.7,1.02,301.8,0.751,321.0,1.02,189.8,1.0,180.0,1.781,51.8,0.936,14.3,1.067,352.0,1.0,200.1,1.0,280.0,1.02,74.2,0.831,298.8,0.921,179.4,0.921,271.5,1.0,2.5,1.0,177.5,0.921,279.5,1.0,350.0,1.02,74.2,1.029,248.6,0.806,99.0,0.989,193.3,0.87,215.9,1.08,63.0,1.02,285.8
1976,1.029,26.0,1.0,0.0,1.029,305.3,0.916,16.2,1.059,52.1,0.863,6.5,1.09,78.1,0.943,42.2,1.0,0.0,1.059,331.4,1.029,131.4,1.0,0.0,1.029,50.7,1.029,224.6,0.606,212.5,1.029,100.6,1.0,180.0,1.43,302.5,0.881,100.2,1.1,80.7,1.0,199.6,1.0,279.8,1.029,334.0,0.723,193.0,0.863,111.9,0.863,285.8,1.0,2.7,1.0,177.3,0.863,205.1,1.0,350.2,1.029,334.0,1.044,219.1,0.989,276.4,0.97,35.9,0.802,211.5,1.122,104.2,1.029,26.0
1977,1.036,101.8,1.0,0.0,1.036,279.3,0.891,14.1,1.072,203.6,0.821,85.7,1.11,305.4,0.923,115.9,1.0,0.0,1.072,21.1,1.036,25.4,1.0,0.0,1.036,202.9,1.036,96.8,0.517,126.4,1.036,358.2,1.0,180.0,0.869,198.6,0.842,198.6,1.123,182.5,1.0,201.1,1.0,280.5,1.036,258.2,0.652,110.3,0.821,9.3,0.821,263.2,1.0,2.0,1.0,178.0,0.821,80.7,1.0,349.5,1.036,258.2,1.054,152.7,1.179,99.7,0.956,189.5,0.761,207.6,1.15,47.2,1.036,101.8
1978,1.038,201.8,1.0,0.0,1.038,290.6,0.882,10.4,1.077,43.6,0.806,191.3,1.118,245.5,0.915,212.3,1.0,0.0,1.077,132.4,1.038,314.9,1.0,0.0,1.038,43.6,1.038,19.4,0.486,9.8,1.038,268.8,1.0,180.0,0.872,135.9,0.827,281.8,1.131,271.2,1.0,200.6,1.0,280.3,1.038,158.2,0.626,359.2,0.806,304.3,0.806,280.1,1.0,2.3,1.0,177.7,0.806,8.8,1.0,349.7,1.038,158.2,1.057,122.7,1.17,297.9,0.95,33.2,0.746,200.9,1.16,87.3,1.038,201.8
1979,1.036,301.9,1.0,0.0,1.036,302.0,0.89,6.8,1.073,243.8,0.819,296.9,1.112,185.7,0.922,308.7,1.0,0.0,1.073,243.8,1.036,244.4,1.0,0.0,1.036,244.5,1.036,302.0,0.512,253.0,1.036,179.4,1.0,180.0,1.364,41.9,0.84,4.9,1.124,360.0,1.0,200.1,1.0,280.1,1.036,58.1,0.648,248.0,0.819,239.4,0.819,297.0,1.0,2.5,1.0,177.5,0.819,297.0,1.0,349.9,1.036,58.1,1.054,92.8,0.995,131.0,0.955,237.0,0.759,194.2,1.151,127.6,1.036,301.9
1980,1.03,42.0,1.0,0.0,1.03,313.3,0.913,3.7,1.061,84.0,0.858,41.6,1.092,126.0,0.941,45.7,1.0,0.0,1.061,355.3,1.03,174.0,1.0,0.0,1.03,85.3,1.03,224.6,0.596,139.2,1.03,90.0,1.0,180.0,1.661,291.5,0.877,89.1,1.103,88.7,1.0,199.6,1.0,279.8,1.03,318.0,0.715,138.8,0.858,173.6,0.858,312.9,1.0,2.8,1.0,177.2,0.858,224.2,1.0,350.2,1.03,318.0,1.045,63.0,0.845,310.2,0.969,80.3,0.798,188.2,1.125,168.0,1.03,42.0
1981,1.021,117.9,1.0,0.0,1.021,287.4,0.948,2.5,1.041,235.8,0.915,119.4,1.063,353.7,0.967,120.4,1.0,0.0,1.041,45.3,1.021,68.0,1.0,0.0,1.021,237.6,1.021,97.0,0.735,57.5,1.021,347.8,1.0,180.0,1.472,170.6,0.93,188.9,1.07,190.5,1.0,201.1,1.0,280.6,1.021,242.1,0.82,59.1,0.915,69.6,0.915,289.0,1.0,2.0,1.0,178.0,0.915,98.5,1.0,349.4,1.021,242.1,1.031,356.8,1.001,116.4,0.987,233.3,0.862,185.6,1.085,111.6,1.021,117.9
1982,1.009,218.4,1.0,0.0,1.009,299.2,0.987,1.5,1.018,76.7,0.979,221.1,1.027,295.1,0.996,219.8,1.0,0.0,1.018,157.5,1.009,358.0,1.0,0.0,1.009,78.8,1.009,20.0,0.921,313.6,1.009,258.7,1.0,180.0,0.966,87.8,0.989,276.5,1.029,279.2,1.0,200.7,1.0,280.3,1.009,141.6,0.95,316.3,0.979,0.7,0.979,301.9,1.0,2.3,1.0,177.7,0.979,22.7,1.0,349.7,1.009,141.6,1.013,327.5,1.241,313.4,1.005,75.3,0.948,183.0,1.036,153.4,1.009,218.4
1983,0.996,319.1,1.0,0.0,0.996,311.1,1.026,1.5,0.993,278.1,1.041,321.4,0.989,237.2,1.022,320.5,1.0,0.0,0.993,270.2,0.996,288.2,1.0,0.0,0.996,280.2,0.996,303.2,1.138,213.9,0.996,170.0,1.0,180.0,1.324,30.2,1.046,5.6,0.986,7.9,1.0,200.2,1.0,280.1,0.996,40.9,1.088,216.3,1.041,290.5,1.041,313.5,1.0,2.6,1.0,177.4,1.041,305.6,1.0,349.9,0.996,40.9,0.995,298.6,1.159,159.2,1.019,276.6,1.045,182.6,0.986,196.2,0.996,319.1
1984,0.984,60.0,1.0,0.0,0.984,323.4,1.06,2.4,0.969,120.0,1.097,60.8,0.954,180.0,1.043,62.4,1.0,0.0,0.969,23.4,0.984,218.6,1.0,0.0,0.984,121.9,0.984,226.8,1.361,117.6,0.984,81.4,1.0,180.0,2.051,291.6,1.094,95.8,0.944,96.6,1.0,199.7,1.0,279.8,0.984,300.0,1.222,118.4,1.097,219.4,1.097,324.2,1.0,2.8,1.0,177.2,1.097,227.6,1.0,350.2,0.984,300.0,0.977,270.0,0.744,350.4,1.027,117.6,1.141,184.2,0.939,240.0,0.984,60.0
1985,0.974,136.8,1.0,0.0,0.974,298.4,1.086,4.9,0.949,273.6,1.139,134.2,0.925,50.3,1.058,141.7,1.0,0.0,0.949,75.2,0.974,113.5,1.0,0.0,0.974,275.1,0.974,100.0,1.558,51.0,0.974,340.1,1.0,180.0,2.035,171.7,1.13,201.0,0.909,198.4,1.0,201.2,1.0,280.6,0.974,223.2,1.333,48.4,1.139,110.9,1.139,295.8,1.0,2.1,1.0,177.9,1.139,97.4,1.0,349.4,0.974,223.2,0.962,205.2,0.81,135.6,1.031,268.7,1.224,189.3,0.901,187.1,0.974,136.8
1986,0.967,238.1,1.0,0.0,0.967,311.0,1.104,6.9,0.935,116.2,1.168,232.5,0.904,354.3,1.068,245.0,1.0,0.0,0.935,189.1,0.967,44.3,1.0,0.0,0.967,117.2,0.967,23.8,1.706,318.5,0.967,251.9,1.0,180.0,1.291,81.6,1.154,292.7,0.884,287.1,1.0,200.7,1.0,280.4,0.967,121.9,1.412,313.0,1.168,38.7,1.168,305.4,1.0,2.3,1.0,177.7,1.168,18.3,1.0,349.6,0.967,121.9,0.951,177.1,1.266,334.4,1.032,109.3,1.285,193.5,0.874,232.4,0.967,238.1
1987,0.963,339.6,1.0,0.0,0.963,323.7,1.112,9.2,0.928,319.1,1.182,330.7,0.894,298.7,1.072,348.8,1.0,0.0,0.928,303.3,0.963,335.2,1.0,0.0,0.963,319.4,0.963,307.8,1.778,227.0,0.963,163.9,1.0,180.0,1.364,31.8,1.164,24.7,0.872,15.9,1.0,200.2,1.0,280.1,0.963,20.4,1.45,218.1,1.182,326.4,1.182,314.9,1.0,2.6,1.0,177.4,1.182,299.0,1.0,349.9,0.963,20.4,0.946,149.3,1.249,188.1,1.032,309.9,1.314,198.3,0.862,278.2,0.963,339.6
1988,0.964,81.0,1.0,0.0,0.964,336.5,1.111,11.5,0.929,162.1,1.18,68.8,0.896,243.1,1.071,92.6,1.0,0.0,0.929,57.5,0.964,266.2,1.0,0.0,0.964,161.6,0.964,231.9,1.766,135.6,0.964,75.9,1.0,180.0,2.151,299.2,1.163,116.8,0.874,104.6,1.0,199.8,1.0,279.9,0.964,279.0,1.443,123.4,1.18,254.0,1.18,324.3,1.0,2.9,1.0,177.1,1.18,219.7,1.0,350.1,0.964,279.0,0.947,121.6,0.749,26.3,1.032,150.5,1.309,203.3,0.864,324.2,0.964,81.0
1989,0.969,158.1,1.0,0.0,0.969,311.7,1.1,14.7,0.938,316.2,1.161,141.7,0.909,114.2,1.065,172.8,1.0,0.0,0.938,109.8,0.969,161.4,1.0,0.0,0.969,315.0,0.969,105.3,1.67,71.1,0.969,334.8,1.0,180.0,2.131,179.7,1.148,222.8,0.89,206.4,1.0,201.3,1.0,280.6,0.969,201.9,1.393,54.7,1.161,145.0,1.161,295.3,1.0,2.1,1.0,177.9,1.161,88.9,1.0,349.4,0.969,201.9,0.953,57.1,0.745,165.3,1.032,301.4,1.27,210.0,0.881,272.3,0.969,158.1
1990,0.977,259.4,1.0,0.0,0.977,324.3,1.08,16.6,0.954,158.8,1.128,240.1,0.932,58.1,1.055,276.0,1.0,0.0,0.954,223.7,0.977,92.2,1.0,0.0,0.977,157.1,0.977,29.2,1.505,338.3,0.977,246.6,1.0,180.0,1.333,85.4,1.12,314.3,0.918,295.1,1.0,200.8,1.0,280.4,0.977,100.6,1.303,319.1,1.128,72.9,1.128,305.1,1.0,2.4,1.0,177.6,1.128,10.0,1.0,349.6,0.977,100.6,0.966,29.1,1.219,2.2,1.03,142.1,1.202,213.9,0.911,317.5,0.977,259.4
1991,0.988,0.5,1.0,0.0,0.988,336.6,1.051,18.0,0.976,0.9,1.081,339.0,0.964,1.4,1.038,18.5,1.0,0.0,0.976,337.1,0.988,22.7,1.0,0.0,0.988,358.9,0.988,312.8,1.295,243.8,0.988,158.2,1.0,180.0,1.155,33.7,1.08,45.2,0.956,23.8,1.0,200.3,1.0,280.1,0.988,359.5,1.183,222.4,1.081,1.3,1.081,315.2,1.0,2.6,1.0,177.4,1.081,291.4,1.0,349.9,0.988,359.5,0.982,0.7,1.25,212.4,1.025,342.9,1.113,216.6,0.952,1.8,0.988,0.5
1992,1.0,101.3,1.0,0.0,1.0,348.8,1.015,18.7,1.0,202.6,1.024,78.7,1.0,304.0,1.015,120.0,1.0,0.0,1.0,90.1,1.0,313.0,1.0,0.0,1.0,200.5,1.0,236.3,1.073,146.6,1.0,69.6,1.0,180.0,1.779,305.0,1.03,135.2,0.998,112.5,1.0,199.8,1.0,279.9,1.0,258.7,1.048,123.9,1.024,290.4,1.024,326.2,1.0,2.9,1.0,177.1,1.024,213.6,1.0,350.1,1.0,258.7,1.0,332.0,0.898,49.1,1.015,184.0,1.016,217.6,1.0,45.3,1.0,101.3
1993,1.013,177.6,1.0,0.0,1.013,323.2,0.975,19.4,1.025,355.1,0.96,154.0,1.038,172.7,0.988,196.9,1.0,0.0,1.025,140.8,1.013,207.5,1.0,0.0,1.013,353.1,1.013,108.9,0.862,73.1,1.013,327.7,1.0,180.0,1.832,184.0,0.972,237.9,1.042,214.3,1.0,201.3,1.0,280.7,1.013,182.4,0.91,49.5,0.96,183.9,0.96,299.7,1.0,2.2,1.0,177.8,0.96,85.3,1.0,349.3,1.013,182.4,1.019,266.3,0.798,205.7,1.0,335.7,0.921,218.5,1.051,350.2,1.013,177.6
1994,1.024,278.0,1.0,0.0,1.024,335.0,0.937,18.0,1.048,196.0,0.897,256.1,1.072,114.0,0.959,296.0,1.0,0.0,1.048,252.9,1.024,137.4,1.0,0.0,1.024,194.3,1.024,31.9,0.689,327.7,1.024,238.6,1.0,180.0,1.285,79.1,0.914,324.9,1.081,303.0,1.0,200.8,1.0,280.4,1.024,82.0,0.786,305.8,0.897,115.5,0.897,313.1,1.0,2.4,1.0,177.6,0.897,10.0,1.0,349.6,1.024,82.0,1.036,237.0,1.079,30.4,0.982,178.0,0.841,215.3,1.098,32.0,1.024,278.0
1995,1.032,18.2,1.0,0.0,1.032,346.4,0.905,15.6,1.065,36.4,0.845,359.7,1.099,54.6,0.934,33.8,1.0,0.0,1.065,4.6,1.032,67.0,1.0,0.0,1.032,35.3,1.032,314.7,0.566,217.2,1.032,149.4,1.0,180.0,0.792,4.8,0.864,50.2,1.111,31.8,1.0,200.4,1.0,280.2,1.032,341.8,0.691,198.7,0.845,48.6,0.845,328.0,1.0,2.7,1.0,177.3,0.845,296.2,1.0,349.8,1.032,341.8,1.048,207.3,1.21,229.3,0.964,20.8,0.784,210.3,1.134,72.8,1.032,18.2
1996,1.037,118.3,1.0,0.0,1.037,357.8,0.886,12.2,1.075,236.6,0.812,104.8,1.115,354.8,0.918,130.5,1.0,0.0,1.075,116.1,1.037,356.6,1.0,0.0,1.037,236.1,1.037,237.3,0.498,102.2,1.037,60.0,1.0,180.0,1.085,293.8,0.833,134.0,1.128,120.5,1.0,199.9,1.0,279.9,1.037,241.7,0.636,88.7,0.812,343.1,0.812,344.3,1.0,2.9,1.0,177.1,0.812,223.8,1.0,350.1,1.037,241.7,1.056,177.4,1.108,66.7,0.952,224.3,0.752,204.0,1.156,113.1,1.037,118.3
1997,1.038,194.0,1.0,0.0,1.038,331.7,0.883,9.5,1.077,27.9,0.807,185.2,1.117,221.9,0.916,203.4,1.0,0.0,1.077,165.6,1.038,250.4,1.0,0.0,1.038,28.2,1.038,109.4,0.489,12.5,1.038,317.5,1.0,180.0,1.49,176.9,0.828,231.1,1.13,222.3,1.0,201.4,1.0,280.7,1.038,166.0,0.628,3.7,0.807,241.6,0.807,322.9,1.0,2.2,1.0,177.8,0.807,100.6,1.0,349.3,1.038,166.0,1.057,110.9,0.92,242.8,0.95,18.4,0.748,199.2,1.159,55.8,1.038,194.0
1998,1.034,294.0,1.0,0.0,1.034,343.0,0.897,6.0,1.069,228.0,0.831,290.5,1.106,162.0,0.928,300.0,1.0,0.0,1.069,277.0,1.034,179.9,1.0,0.0,1.034,228.9,1.034,32.0,0.538,256.5,1.034,228.1,1.0,180.0,1.562,64.8,0.852,314.5,1.118,311.0,1.0,200.9,1.0,280.4,1.034,66.0,0.668,253.0,0.831,176.4,0.831,339.5,1.0,2.5,1.0,177.5,0.831,28.5,1.0,349.6,1.034,66.0,1.051,81.0,0.892,59.2,0.959,222.0,0.77,192.7,1.143,96.0,1.034,294.0
1999,1.027,34.2,1.0,0.0,1.027,354.5,0.926,3.2,1.054,68.4,0.879,34.7,1.082,102.6,0.95,37.4,1.0,0.0,1.054,28.7,1.027,109.6,1.0,0.0,1.027,69.9,1.027,314.8,0.644,144.4,1.027,138.8,1.0,180.0,1.215,319.8,0.897,39.3,1.091,39.7,1.0,200.4,1.0,280.2,1.027,325.8,0.752,144.9,0.879,110.1,0.879,354.9,1.0,2.7,1.0,177.3,0.879,315.2,1.0,349.8,1.027,325.8,1.04,51.3,1.097,244.1,0.976,65.2,0.82,187.2,1.111,136.8,1.027,34.2
2000,1.016,134.5,1.0,0.0,1.016,6.1,0.963,1.4,1.033,269.1,0.939,137.2,1.049,43.6,0.978,136.0,1.0,0.0,1.033,140.6,1.016,39.5,1.0,0.0,1.016,271.0,1.016,237.6,0.803,37.4,1.016,49.6,1.0,180.0,0.88,251.4,0.953,125.8,1.055,128.4,1.0,199.9,1.0,280.0,1.016,225.5,0.868,40.1,0.939,42.1,0.939,8.8,1.0,3.0,1.0,177.0,0.939,240.3,1.0,350.0,1.016,225.5,1.024,21.8,1.24,83.7,0.994,267.6,0.893,183.3,1.066,178.2,1.016,134.5
2001,1.004,210.7,1.0,0.0,1.004,340.5,1.002,1.8,1.008,61.4,1.004,213.0,1.012,272.2,1.006,212.5,1.0,0.0,1.008,191.2,1.004,293.8,1.0,0.0,1.004,63.6,1.004,110.2,1.003,322.6,1.004,307.6,1.0,180.0,1.484,167.5,1.012,228.0,1.012,230.2,1.0,201.4,1.0,280.7,1.004,149.3,1.003,324.8,1.004,296.0,1.004,342.7,1.0,2.2,1.0,177.8,1.004,112.5,1.0,349.3,1.004,149.3,1.006,316.1,1.059,275.1,1.011,59.6,0.984,183.6,1.017,122.9,1.004,210.7
2002,0.992,311.5,1.0,0.0,0.992,352.5,1.04,2.2,0.983,263.0,1.064,312.9,0.975,214.5,1.031,313.7,1.0,0.0,0.983,304.0,0.992,224.0,1.0,0.0,0.992,265.1,0.992,33.6,1.225,224.3,0.992,219.0,1.0,180.0,2.051,62.9,1.065,317.6,0.969,319.0,1.0,201.0,1.0,280.5,0.992,48.5,1.142,225.7,1.064,225.4,1.064,353.9,1.0,2.5,1.0,177.5,1.064,35.0,1.0,349.5,0.992,48.5,0.987,287.2,0.705,95.3,1.022,260.8,1.082,184.0,0.967,166.0,0.992,311.5
2003,0.98,52.5,1.0,0.0,0.98,4.8,1.071,3.4,0.961,105.0,1.115,52.0,0.942,157.6,1.05,55.9,1.0,0.0,0.961,57.4,0.98,154.5,1.0,0.0,0.98,106.9,0.98,317.2,1.442,129.0,0.98,130.5,1.0,180.0,1.835,316.2,1.109,48.2,0.929,47.7,1.0,200.5,1.0,280.2,0.98,307.5,1.268,128.5,1.115,154.0,1.115,4.3,1.0,2.7,1.0,177.2,1.115,316.6,1.0,349.8,0.98,307.5,0.97,258.8,0.943,260.7,1.029,101.7,1.175,186.2,0.923,210.1,0.98,52.5
2004,0.971,153.8,1.0,0.0,0.971,17.3,1.094,5.1,0.943,307.5,1.153,150.6,0.915,101.3,1.062,158.9,1.0,0.0,0.943,171.1,0.971,85.3,1.0,0.0,0.971,308.8,0.971,240.9,1.625,35.7,0.971,42.3,1.0,180.0,1.128,237.3,1.141,139.6,0.898,136.4,1.0,200.0,1.0,280.0,0.971,206.2,1.368,32.6,1.153,82.1,1.153,14.2,1.0,3.0,1.0,177.0,1.153,237.8,1.0,350.0,0.971,206.2,0.957,230.6,1.309,105.0,1.032,302.4,1.251,189.8,0.889,255.0,0.971,153.8
2005,0.965,230.8,1.0,0.0,0.965,352.6,1.108,8.3,0.932,101.6,1.176,223.5,0.899,332.3,1.07,239.1,1.0,0.0,0.932,223.4,0.965,340.4,1.0,0.0,0.965,102.2,0.965,114.4,1.744,331.1,0.965,301.1,1.0,180.0,1.566,169.8,1.159,245.5,0.878,238.2,1.0,201.5,1.0,280.7,0.965,129.2,1.432,323.8,1.176,333.1,1.176,345.3,1.0,2.3,1.0,177.7,1.176,107.1,1.0,349.3,0.965,129.2,0.948,166.2,1.155,306.2,1.032,93.3,1.299,196.3,0.868,203.1,0.965,230.8
2006,0.963,332.3,1.0,0.0,0.963,5.4,1.112,10.6,0.928,304.5,1.183,321.6,0.894,276.8,1.072,342.8,1.0,0.0,0.928,337.6,0.963,271.4,1.0,0.0,0.963,304.5,0.963,38.4,1.783,239.6,0.963,213.1,1.0,180.0,2.25,70.2,1.165,337.5,0.872,326.9,1.0,201.0,1.0,280.5,0.963,27.7,1.452,229.0,1.183,260.8,1.183,354.7,1.0,2.5,1.0,177.5,1.183,27.8,1.0,349.5,0.963,27.7,0.945,138.4,0.64,133.1,1.032,293.9,1.315,201.2,0.861,249.0,0.963,332.3
2007,0.965,73.7,1.0,0.0,0.965,18.1,1.108,12.9,0.932,147.4,1.175,59.7,0.9,221.1,1.069,86.6,1.0,0.0,0.932,91.8,0.965,202.3,1.0,0.0,0.965,146.7,0.965,322.4,1.739,148.2,0.965,125.1,1.0,180.0,2.017,323.5,1.159,69.6,0.879,55.6,1.0,200.5,1.0,280.3,0.965,286.3,1.429,134.2,1.175,188.3,1.175,4.1,1.0,2.8,1.0,177.2,1.175,308.5,1.0,349.7,0.965,286.3,0.949,110.5,0.867,286.9,1.032,134.5,1.297,206.1,0.869,294.8,0.965,73.7
2008,0.972,175.1,1.0,0.0,0.972,30.7,1.093,15.0,0.944,350.2,1.15,158.0,0.917,165.2,1.062,190.1,1.0,0.0,0.944,205.8,0.972,133.2,1.0,0.0,0.972,348.8,0.972,246.4,1.613,56.1,0.972,37.0,1.0,180.0,1.181,239.5,1.139,161.4,0.9,144.4,1.0,200.1,1.0,280.0,0.972,184.9,1.362,39.0,1.15,116.1,1.15,13.7,1.0,3.0,1.0,176.9,1.15,229.3,1.0,350.0,0.972,184.9,0.958,82.6,1.291,131.9,1.031,335.1,1.246,210.6,0.891,340.3,0.972,175.1
2009,0.981,251.9,1.0,0.0,0.981,5.8,1.069,17.7,0.962,143.8,1.112,231.3,0.944,35.8,1.049,269.7,1.0,0.0,0.962,257.7,0.981,28.2,1.0,0.0,0.981,142.0,0.981,119.6,1.428,350.1,0.981,295.7,1.0,180.0,1.382,174.7,1.106,266.8,0.932,246.1,1.0,201.6,1.0,280.8,0.981,108.1,1.26,329.4,1.112,7.5,1.112,345.1,1.0,2.3,1.0,177.7,1.112,99.0,1.0,349.2,0.981,108.1,0.971,17.9,1.187,331.5,1.029,126.1,1.169,216.1,0.926,287.7,0.981,251.9
2010,0.992,352.9,1.0,0.0,0.992,18.1,1.037,18.9,0.985,345.9,1.06,330.4,0.978,338.8,1.029,11.8,1.0,0.0,0.985,11.0,0.992,318.6,1.0,0.0,0.992,343.8,0.992,43.2,1.21,254.6,0.992,207.2,1.0,180.0,1.971,77.3,1.062,357.4,0.972,334.9,1.0,201.1,1.0,280.5,0.992,7.1,1.133,232.1,1.06,296.1,1.06,355.6,1.0,2.6,1.0,177.4,1.06,20.7,1.0,349.5,0.992,7.1,0.989,349.4,0.779,160.9,1.022,327.0,1.075,218.2,0.97,331.8,0.992,352.9
2011,1.005,93.7,1.0,0.0,1.005,30.1,1.0,19.2,1.01,187.4,0.999,70.5,1.015,281.2,1.005,112.9,1.0,0.0,1.01,123.8,1.005,248.9,1.0,0.0,1.005,185.3,1.005,326.5,0.988,156.1,1.005,118.5,1.0,180.0,1.816,328.5,1.008,86.9,1.015,63.6,1.0,200.6,1.0,280.3,1.005,266.3,0.994,132.8,0.999,225.6,0.999,6.9,1.0,2.8,1.0,177.2,0.999,303.3,1.0,349.7,1.005,266.3,1.007,320.6,0.848,324.7,1.01,168.2,0.977,218.4,1.02,14.9,1.005,93.7
2012,1.017,194.2,1.0,0.0,1.017,41.9,0.96,18.5,1.034,28.5,0.935,171.6,1.052,222.7,0.976,212.7,1.0,0.0,1.034,236.2,1.017,178.9,1.0,0.0,1.017,26.6,1.017,249.6,0.79,53.6,1.017,29.6,1.0,180.0,1.123,231.3,0.949,174.9,1.058,152.3,1.0,200.1,1.0,280.1,1.017,165.8,0.859,31.0,0.935,156.3,0.935,19.3,1.0,3.1,1.0,176.9,0.935,227.0,1.0,349.9,1.017,165.8,1.026,291.4,1.164,157.8,0.993,10.0,0.887,216.5,1.07,57.0,1.017,194.2
2013,1.027,270.2,1.0,0.0,1.027,16.1,0.923,17.7,1.055,180.4,0.875,248.9,1.084,90.5,0.948,287.9,1.0,0.0,1.055,286.3,1.027,73.0,1.0,0.0,1.027,178.9,1.027,122.0,0.635,333.6,1.027,287.4,1.0,180.0,0.878,159.5,0.893,275.3,1.093,254.1,1.0,201.6,1.0,280.8,1.027,89.8,0.745,312.3,0.875,51.7,0.875,354.8,1.0,2.4,1.0,177.6,0.875,100.7,1.0,349.2,1.027,89.8,1.041,225.3,1.205,348.1,0.974,162.7,0.815,214.6,1.113,0.7,1.027,270.2
2014,1.034,10.4,1.0,0.0,1.034,27.5,0.895,14.8,1.07,20.7,0.829,353.2,1.107,31.1,0.926,25.2,1.0,0.0,1.07,37.9,1.034,2.7,1.0,0.0,1.034,19.8,1.034,44.7,0.533,221.2,1.034,198.1,1.0,180.0,1.32,72.8,0.849,360.0,1.119,342.8,1.0,201.1,1.0,280.6,1.034,349.6,0.664,204.0,0.829,345.5,0.829,10.4,1.0,2.6,1.0,177.4,0.829,27.5,1.0,349.4,1.034,349.6,1.052,195.5,1.022,182.7,0.958,5.9,0.768,209.0,1.145,41.4,1.034,10.4
2015,1.038,110.4,1.0,0.0,1.038,38.9,0.882,11.3,1.077,220.8,0.807,98.6,1.117,331.3,0.915,121.7,1.0,0.0,1.077,149.3,1.038,292.2,1.0,0.0,1.038,220.6,1.038,327.3,0.487,105.0,1.038,108.6,1.0,180.0,1.557,323.0,0.828,83.4,1.131,71.6,1.0,200.7,1.0,280.3,1.038,249.6,0.627,93.2,0.807,280.4,0.807,27.1,1.0,2.9,1.0,177.1,0.807,315.5,1.0,349.7,1.038,249.6,1.057,165.6,0.878,3.7,0.95,209.6,0.747,202.4,1.159,81.7,1.038,110.4
2016,1.037,210.5,1.0,0.0,1.037,50.2,0.886,7.5,1.075,60.9,0.813,204.3,1.114,271.4,0.919,218.0,1.0,0.0,1.075,260.7,1.037,221.7,1.0,0.0,1.037,61.4,1.037,249.9,0.501,348.0,1.037,19.2,1.0,180.0,1.405,211.4,0.834,166.4,1.127,160.3,1.0,200.2,1.0,280.1,1.037,149.5,0.638,341.8,0.813,215.6,0.813,44.1,1.0,3.1,1.0,176.9,0.813,243.8,1.0,349.9,1.037,149.5,1.055,135.7,0.97,182.1,0.952,53.4,0.753,195.6,1.155,121.8,1.037,210.5
2017,1.032,286.2,1.0,0.0,1.032,24.2,0.906,5.3,1.064,212.4,0.847,283.9,1.098,138.6,0.935,291.5,1.0,0.0,1.064,310.4,1.032,115.6,1.0,0.0,1.032,213.6,1.032,122.1,0.572,260.6,1.032,276.8,1.0,180.0,0.965,102.4,0.867,264.3,1.109,262.0,1.0,201.7,1.0,280.8,1.032,73.8,0.696,258.3,0.847,113.4,0.847,21.9,1.0,2.4,1.0,177.6,0.847,119.8,1.0,349.2,1.032,73.8,1.048,69.3,1.165,2.0,0.965,207.2,0.786,191.3,1.132,64.8,1.032,286.2
2018,1.023,26.4,1.0,0.0,1.023,35.6,0.939,2.9,1.046,52.8,0.901,27.5,1.07,79.2,0.961,29.3,1.0,0.0,1.046,62.0,1.023,45.3,1.0,0.0,1.023,54.5,1.023,44.8,0.699,150.4,1.023,187.5,1.0,180.0,0.934,42.7,0.917,349.7,1.078,350.8,1.0,201.2,1.0,280.6,1.023,333.6,0.794,151.5,0.901,46.3,0.901,36.7,1.0,2.7,1.0,177.3,0.901,45.9,1.0,349.4,1.023,333.6,1.035,39.6,1.204,202.1,0.983,49.9,0.845,186.4,1.095,105.6,1.023,26.4
2019,1.012,126.8,1.0,0.0,1.012,47.3,0.978,1.6,1.023,253.6,0.964,129.4,1.035,20.5,0.989,128.4,1.0,0.0,1.023,174.1,1.012,335.2,1.0,0.0,1.012,255.7,1.012,327.8,0.876,45.4,1.012,98.5,1.0,180.0,1.612,314.6,0.976,76.9,1.039,79.5,1.0,200.7,1.0,280.4,1.012,233.2,0.919,48.0,0.964,337.8,0.964,49.9,1.0,2.9,1.0,177.1,0.964,330.4,1.0,349.6,1.012,233.2,1.018,10.2,0.958,39.8,1.001,252.1,0.927,183.4,1.047,147.3,1.012,126.8
2020,0.999,227.5,1.0,0.0,0.999,59.2,1.017,1.3,0.999,94.9,1.028,230.0,0.998,322.4,1.016,228.8,1.0,0.0,0.999,286.7,0.999,265.3,1.0,0.0,0.999,97.1,0.999,251.0,1.087,304.8,0.999,9.6,1.0,180.0,1.981,206.6,1.033,165.6,0.996,168.2,1.0,200.2,1.0,280.1,0.999,132.5,1.057,307.4,1.028,267.8,1.028,61.8,1.0,3.2,1.0,176.8,1.028,253.6,1.0,349.9,0.999,132.5,0.999,341.2,0.734,211.3,1.016,93.6,1.022,182.5,0.997,189.8,0.999,227.5
2021,0.987,304.0,1.0,0.0,0.987,34.0,1.053,3.1,0.974,248.0,1.085,304.3,0.962,191.9,1.039,307.0,1.0,0.0,0.974,337.9,0.987,160.0,1.0,0.0,0.987,250.0,0.987,124.0,1.311,235.2,0.987,268.0,1.0,180.0,1.594,90.3,1.083,269.7,0.953,270.0,1.0,201.7,1.0,280.9,0.987,56.0,1.192,235.5,1.085,160.2,1.085,34.2,1.0,2.4,1.0,177.6,1.085,124.2,1.0,349.1,0.987,56.0,0.981,276.0,1.065,17.3,1.025,244.9,1.119,185.6,0.949,135.9,0.987,304.0
2022,0.976,45.1,1.0,0.0,0.976,46.4,1.081,4.5,0.953,90.2,1.131,43.1,0.93,135.3,1.055,49.6,1.0,0.0,0.953,91.5,0.976,90.6,1.0,0.0,0.976,91.8,0.976,47.6,1.518,140.7,0.976,179.6,1.0,180.0,1.059,24.6,1.123,0.7,0.916,358.7,1.0,201.3,1.0,280.6,0.976,314.9,1.311,138.8,1.131,88.6,1.131,44.4,1.0,2.7,1.0,177.3,1.131,45.7,1.0,349.4,0.976,314.9,0.965,247.6,1.315,224.3,1.03,85.7,1.207,188.4,0.908,180.4,0.976,45.1
2023,0.968,146.4,1.0,0.0,0.968,58.9,1.101,6.4,0.938,292.8,1.163,141.6,0.908,79.2,1.066,152.8,1.0,0.0,0.938,205.3,0.968,21.3,1.0,0.0,0.968,293.9,0.968,331.5,1.679,48.1,0.968,91.5,1.0,180.0,1.759,317.0,1.149,92.3,0.889,87.5,1.0,200.8,1.0,280.4,0.968,213.6,1.398,43.2,1.163,16.5,1.163,54.1,1.0,3.0,1.0,177.0,1.163,326.7,1.0,349.6,0.968,213.6,0.953,219.6,1.039,74.2,1.032,286.4,1.273,192.4,0.879,225.6,0.968,146.4
2024,0.964,247.8,1.0,0.0,0.964,71.6,1.111,8.7,0.929,135.6,1.18,239.8,0.896,23.5,1.071,256.5,1.0,0.0,0.929,319.5,0.964,312.2,1.0,0.0,0.964,136.1,0.964,255.5,1.769,316.4,0.964,3.4,1.0,180.0,2.283,213.1,1.163,184.2,0.874,176.2,1.0,200.3,1.0,280.1,0.964,112.2,1.445,308.3,1.18,304.2,1.18,63.6,1.0,3.2,1.0,176.8,1.18,247.4,1.0,349.9,0.964,112.2,0.946,191.7,0.592,246.0,1.032,127.0,1.309,197.1,0.863,271.3,0.964,247.8
2025,0.964,324.9,1.0,0.0,0.964,46.9,1.112,12.0,0.929,289.8,1.181,312.5,0.895,254.7,1.071,336.9,1.0,0.0,0.929,11.8,0.964,207.5,1.0,0.0,0.964,289.5,0.964,129.0,1.776,252.3,0.964,262.3,1.0,180.0,1.847,96.2,1.164,290.4,0.873,278.0,1.0,201.8,1.0,280.9,0.964,35.1,1.448,239.9,1.181,195.1,1.181,34.5,1.0,2.5,1.0,177.5,1.181,116.5,1.0,349.1,0.964,35.1,0.946,127.3,1.001,41.0,1.032,277.8,1.312,204.1,0.862,219.6,0.964,324.9
